id,fdc_id,nutrient_id,amount,data_points,derivation_id,min,max,median,footnote,min_year_acquired
2219798,321358,1002,1.18,11,1,0.99,1.29,1.25,,2015
2219740,321358,1003,7.35,,49,6.2,8.05,7.79,,
2219786,321358,1004,17.1,11,1,11.9,19.1,18.2,,2015
2219787,321358,1005,14.9,,49,,,,,
2219741,321358,1007,1.97,11,1,1.73,2.12,1.99,,2015
2219788,321358,1008,229.0,,49,,,,,
2219742,321358,1009,8.12,6,1,7.7,8.8,8.0,,2015
2219789,321358,1010,0.18,2,1,0.0,0.37,0.18,,2015
2219790,321358,1011,0.0,2,1,0.0,0.0,0.0,,2015
2219743,321358,1012,0.15,2,1,0.0,0.3,0.15,,2015
2219744,321358,1013,0.0,2,1,0.0,0.0,0.0,,2015
2219791,321358,1014,0.0,2,1,0.0,0.0,0.0,,2015
2219814,321358,1050,13.9,,4,,,,,
2219792,321358,1051,58.7,11,1,56.1,65.6,57.6,,2015
2219745,321358,1062,960.0,,49,,,,,
2219813,321358,1063,0.34,,4,,,,,
2219746,321358,1075,0.0,2,1,0.0,0.0,0.0,,2015
2219747,321358,1079,5.4,6,1,4.9,5.7,5.5,,2015
2219825,321358,1085,16.1,,4,,,,,
2219793,321358,1087,41.0,11,1,26.0,57.0,46.0,,2015
2219748,321358,1089,2.41,11,1,1.87,2.96,2.33,,2015
2219749,321358,1090,71.1,11,1,56.6,82.0,70.4,,2015
2219750,321358,1091,166.0,11,1,134.0,190.0,179.0,,2015
2219794,321358,1092,289.0,11,1,231.0,327.0,315.0,,2015
2219751,321358,1093,438.0,11,1,387.0,489.0,444.0,,2015
2219795,321358,1095,1.38,11,1,1.17,1.5,1.45,,2015
2219752,321358,1098,0.348,11,1,0.27,0.396,0.376,,2015
2219753,321358,1101,1.06,11,1,0.785,1.21,1.15,,2015
2219796,321358,1103,16.2,2,1,0.0,32.3,16.2,,2015
2219754,321358,1106,1.0,,49,,,,,
2219755,321358,1107,12.0,1,1,,,12.0,,2015
2219756,321358,1108,0.0,1,1,,,0.0,,2015
2219797,321358,1109,1.74,6,1,1.4,2.89,1.53,,2015
2219707,321358,1120,3.0,1,1,,,3.0,,2015
2219708,321358,1122,0.0,1,1,,,0.0,,2015
2219777,321358,1123,258.0,1,1,,,258.0,,2015
2219778,321358,1125,0.31,6,1,0.22,0.36,0.34,,2015
2219779,321358,1126,9.47,6,1,6.32,11.9,9.58,,2015
2219709,321358,1127,1.3,6,1,0.26,2.47,1.21,,2015
2219780,321358,1128,0.0,6,1,0.0,0.0,0.0,,2015
2219781,321358,1129,0.0,6,1,0.0,0.0,0.0,,2015
2219710,321358,1130,0.0,6,1,0.0,0.0,0.0,,2015
2219711,321358,1131,0.0,6,1,0.0,0.0,0.0,,2015
2219712,321358,1162,0.0,6,1,0.0,0.0,0.0,,2015
2219713,321358,1165,0.15,6,1,0.12,0.17,0.16,,2015
2219714,321358,1166,0.115,6,1,0.08,0.14,0.12,,2015
2219782,321358,1167,0.948,6,1,0.82,1.09,0.95,,2015
2219783,321358,1170,0.318,4,1,0.26,0.37,0.32,,2015
2219784,321358,1175,0.143,6,1,0.11,0.16,0.15,,2015
2219715,321358,1177,36.0,6,1,13.0,53.0,41.0,,2015
2219806,321358,1180,46.6,1,1,,,46.6,,2015
2219785,321358,1183,0.0,2,1,0.0,0.0,0.0,,2015
2219716,321358,1184,0.0,2,1,0.0,0.0,0.0,,2015
2219717,321358,1185,17.2,2,1,11.2,23.3,17.2,,2015
2219810,321358,1194,22.3,1,1,,,22.3,,2015
2219812,321358,1195,23.0,1,1,,,23.0,,2015
2219811,321358,1196,0.2,1,1,,,0.2,,2015
2219807,321358,1197,1.1,1,1,,,1.1,,2015
2219808,321358,1198,0.2,1,1,,,0.2,,2015
2219809,321358,1199,0.0,1,1,,,0.0,,2015
2219718,321358,1257,0.018,,4,,,,,
2219719,321358,1258,2.22,,4,,,,,
2219771,321358,1259,0.0,6,1,0.0,0.0,0.0,,2015
2219772,321358,1260,0.0,6,1,0.0,0.0,0.0,,2015
2219720,321358,1261,0.0,6,1,0.0,0.0,0.0,,2015
2219773,321358,1262,0.0,6,1,0.0,0.0,0.0,,2015
2219721,321358,1263,0.0,6,1,0.0,0.0,0.0,,2015
2219722,321358,1264,0.009,6,1,0.008,0.01,0.008,,2015
2219774,321358,1265,1.41,6,1,1.05,1.76,1.43,,2015
2219775,321358,1266,0.634,6,1,0.478,0.771,0.654,,2015
2219776,321358,1267,0.079,6,1,0.072,0.083,0.08,,2015
2219757,321358,1271,0.005,6,1,0.003,0.006,0.006,,2015
2219723,321358,1272,0.0,6,1,0.0,0.0,0.0,,2015
2219724,321358,1273,0.044,6,1,0.031,0.062,0.042,,2015
2219758,321358,1276,0.0,6,1,0.0,0.0,0.0,,2015
2219725,321358,1278,0.0,6,1,0.0,0.0,0.0,,2015
2219726,321358,1280,0.0,6,1,0.0,0.0,0.0,,2015
2219759,321358,1292,6.37,,4,,,,,
2219760,321358,1293,7.48,,4,,,,,
2219761,321358,1299,0.004,6,1,0.003,0.004,0.004,,2015
2219727,321358,1300,0.01,6,1,0.006,0.014,0.011,,2015
2219728,321358,1301,0.027,6,1,0.019,0.044,0.025,,2015
2219729,321358,1303,0.0,6,1,0.0,0.0,0.0,,2015
2219762,321358,1304,0.006,6,1,0.004,0.009,0.006,,2015
2219763,321358,1305,0.0,6,1,0.0,0.0,0.0,,2015
2219764,321358,1306,0.012,6,1,0.008,0.017,0.012,,2015
2219765,321358,1311,0.002,6,1,0.0,0.003,0.003,,2015
2219730,321358,1312,0.005,6,1,0.0,0.011,0.004,,2015
2219766,321358,1313,0.005,6,1,0.003,0.006,0.005,,2015
2219767,321358,1314,0.021,6,1,0.015,0.027,0.02,,2015
2219731,321358,1315,6.25,6,1,4.87,8.73,5.98,,2015
2219732,321358,1316,6.81,6,1,4.78,8.56,7.03,,2015
2219733,321358,1317,0.001,,4,,,,,
2219768,321358,1321,0.02,6,1,0.011,0.029,0.018,,2015
2219734,321358,1323,0.007,6,1,0.005,0.01,0.008,,2015
2219735,321358,1329,0.006,,4,,,,,
2219815,321358,1330,0.012,,4,,,,,
2219769,321358,1331,0.0,,4,,,,,
2219736,321358,1333,0.0,6,1,0.0,0.0,0.0,,2015
2219802,321358,1334,0.0,6,1,0.0,0.0,0.0,,2015
2219803,321358,1335,0.0,6,1,0.0,0.0,0.0,,2015
2219737,321358,1404,0.637,6,1,0.411,0.742,0.668,,2015
2219738,321358,1405,0.0,6,1,0.0,0.0,0.0,,2015
2219770,321358,1406,0.0,6,1,0.0,0.0,0.0,,2015
2219739,321358,1411,0.0,6,1,0.0,0.0,0.0,,2015
2219805,321358,1414,0.0,6,1,0.0,0.0,0.0,,2015
2219799,321358,2009,0.0,6,1,0.0,0.0,0.0,,2015
2219816,321358,2010,0.007,,4,,,,,
2219800,321358,2012,0.084,6,1,0.046,0.126,0.082,,2015
2219801,321358,2014,0.001,6,1,0.0,0.004,0.0,,2015
2219817,321358,2016,6.81,,4,,,,,
2219818,321358,2018,0.656,,4,,,,,
2219804,321358,2019,0.0,6,1,0.0,0.0,0.0,,2015
2219819,321358,2020,0.0,,4,,,,,
2219820,321358,2022,0.005,,4,,,,,
2219821,321358,2023,0.0,,4,,,,,
2219822,321358,2024,0.0,,4,,,,,
2219823,321358,2025,0.0,,4,,,,,
2219824,321358,2026,0.005,,4,,,,,
13338510,321358,2047,243,,1,,,,,
13338412,321358,2048,229,,49,,,,,
2219987,321360,1002,0.13,6,1,0.12,0.15,0.13,,2016
2220031,321360,1003,0.83,,49,0.75,0.94,0.81,,
2219986,321360,1004,0.63,6,1,0.46,0.82,0.64,,2016
2220032,321360,1005,5.51,,49,,,,,
2219985,321360,1007,0.56,6,1,0.51,0.64,0.55,,2016
2220034,321360,1008,27.0,,49,,,,,
2219983,321360,1051,92.5,18,1,90.9,93.6,92.7,,2016
2220035,321360,1062,113.0,,49,,,,,
2220004,321360,1079,2.1,3,1,1.9,2.2,2.2,,2016
2219995,321360,1087,11.0,6,1,9.0,15.0,10.0,,2016
2219997,321360,1089,0.33,6,1,0.28,0.44,0.31,,2016
2219998,321360,1090,11.9,6,1,10.7,13.1,11.8,,2016
2220000,321360,1091,28.0,6,1,23.0,33.0,27.0,,2016
2220001,321360,1092,260.0,6,1,239.0,285.0,257.0,,2016
2220002,321360,1093,6.0,6,1,3.0,10.0,5.0,,2016
2220003,321360,1095,0.2,6,1,0.18,0.25,0.19,,2016
2219996,321360,1098,0.058,6,1,0.042,0.085,0.056,,2016
2219999,321360,1101,0.121,6,1,0.076,0.219,0.098,,2016
2220005,321360,1108,0.0,3,1,0.0,0.0,0.0,,2016
2220015,321360,1109,0.98,2,1,0.85,1.12,0.98,,2016
2220014,321360,1119,9.0,3,1,8.0,11.0,9.0,,2016
2220008,321360,1120,0.0,3,1,0.0,0.0,0.0,,2016
2220012,321360,1121,95.0,3,1,68.0,131.0,84.0,,2016
2220013,321360,1122,4100.0,3,1,3860.0,4240.0,4210.0,,2016
2220017,321360,1125,0.02,2,1,0.0,0.04,0.02,,2016
2220021,321360,1126,0.7,2,1,0.61,0.8,0.7,,2016
2220019,321360,1127,0.12,2,1,0.08,0.15,0.12,,2016
2220016,321360,1128,0.0,2,1,0.0,0.0,0.0,,2016
2220018,321360,1129,0.0,2,1,0.0,0.0,0.0,,2016
2220022,321360,1130,0.0,2,1,0.0,0.0,0.0,,2016
2220020,321360,1131,0.0,2,1,0.0,0.0,0.0,,2016
2220009,321360,1159,49.0,3,1,36.0,67.0,46.0,,2016
2220011,321360,1160,554.0,3,1,524.0,594.0,542.0,,2016
2220010,321360,1161,12.0,3,1,9.0,14.0,12.0,,2016
2219984,321360,1162,27.2,12,1,22.4,32.4,26.3,,2016
2220027,321360,1165,0.075,2,1,0.07,0.08,0.075,,2016
2220026,321360,1166,0.065,2,1,0.06,0.07,0.065,,2016
2220030,321360,1167,0.805,2,1,0.8,0.81,0.805,,2016
2220028,321360,1175,0.06,2,1,0.05,0.07,0.06,,2016
2220029,321360,1177,10.0,2,1,9.0,10.0,10.0,,2016
2219994,321360,1180,9.8,1,1,,,9.8,,2016
2220024,321360,1183,0.0,2,1,0.0,0.0,0.0,,2016
2220023,321360,1184,0.0,2,1,0.0,0.0,0.0,,2016
2220025,321360,1185,4.2,2,1,3.3,5.2,4.2,,2016
2219989,321360,1194,8.0,1,1,,,8.0,,2016
2219992,321360,1195,0.6,1,1,,,0.6,,2016
2219991,321360,1196,1.2,1,1,,,1.2,,2016
2219990,321360,1197,0.0,1,1,,,0.0,,2016
2219988,321360,1198,0.0,1,1,,,0.0,,2016
2219993,321360,1199,0.0,1,1,,,0.0,,2016
2220007,321360,2028,393.0,3,1,286.0,493.0,399.0,,2016
2220006,321360,2032,0.0,3,1,0.0,0.0,0.0,,2016
13338494,321360,2047,31,,1,,,,,
13338396,321360,2048,27,,49,,,,,
33291134,321360,2066,,,,,,,,
2228516,323294,1002,3.94,13,1,3.78,4.29,3.9,,2001
2228493,323294,1003,20.4,,49,19.6,22.2,20.2,,
2228469,323294,1004,57.8,13,1,53.1,60.0,59.0,,2001
2228470,323294,1005,16.2,,49,,,,,
2228494,323294,1007,3.47,13,1,2.78,4.32,3.36,,2001
2228481,323294,1008,620.0,,49,,,,,
2228482,323294,1010,4.17,3,1,3.76,4.47,4.28,,2015
2228483,323294,1011,0.0,3,1,0.0,0.0,0.0,,2015
2228509,323294,1012,0.0,3,1,0.0,0.0,0.0,,2015
2228445,323294,1013,0.0,3,1,0.0,0.0,0.0,,2015
2228484,323294,1014,0.0,3,1,0.0,0.0,0.0,,2015
2228485,323294,1051,2.2,13,1,0.9,2.84,2.16,,2001
2228488,323294,1062,2590.0,,49,,,,,
2228543,323294,1063,4.17,,4,,,,,
2228489,323294,1075,0.0,3,1,0.0,0.0,0.0,,2015
2228510,323294,1079,11.0,8,1,10.6,11.5,10.9,,2015
2228557,323294,1085,53.4,,4,,,,,
2228464,323294,1087,273.0,13,1,220.0,301.0,280.0,,2001
2228490,323294,1089,3.17,13,1,2.92,3.55,3.13,,2001
2228491,323294,1090,258.0,13,1,242.0,273.0,260.0,,2001
2228492,323294,1091,456.0,13,1,436.0,474.0,456.0,,2001
2228465,323294,1092,684.0,13,1,612.0,744.0,686.0,,2001
2228511,323294,1093,256.0,13,1,55.0,552.0,187.0,,2001
2228466,323294,1095,2.8,13,1,2.66,3.04,2.75,,2001
2228486,323294,1098,0.87,13,1,0.804,0.908,0.874,,2001
2228487,323294,1101,2.02,13,1,1.67,2.29,2.07,,2001
2228467,323294,1103,0.0,1,1,,,0.0,,2015
2228508,323294,1106,2.0,,49,,,,,
2228446,323294,1107,17.0,1,1,,,17.0,,2015
2228447,323294,1108,0.0,1,1,,,0.0,,2015
2228468,323294,1109,19.0,8,1,16.0,21.8,19.3,,2015
2228513,323294,1120,9.0,1,1,,,9.0,,2015
2228514,323294,1122,0.0,1,1,,,0.0,,2015
2228512,323294,1123,25.0,1,1,,,25.0,,2015
2228473,323294,1125,0.18,8,1,0.15,0.22,0.17,,2015
2228474,323294,1126,0.92,8,1,0.33,1.44,0.96,,2015
2228498,323294,1127,0.0,8,1,0.0,0.0,0.0,,2015
2228538,323294,1128,0.28,8,1,0.25,0.32,0.28,,2015
2228537,323294,1129,0.0,8,1,0.0,0.0,0.0,,2015
2228539,323294,1130,0.0,8,1,0.0,0.0,0.0,,2015
2228540,323294,1131,0.0,8,1,0.0,0.0,0.0,,2015
2228448,323294,1162,0.0,2,1,0.0,0.0,0.0,,2015
2228495,323294,1165,0.079,8,1,0.06,0.11,0.08,,2015
2228496,323294,1166,1.57,8,1,1.32,1.86,1.63,,2015
2228475,323294,1167,3.1,8,1,2.65,3.65,3.0,,2015
2228476,323294,1170,0.237,3,1,0.19,0.29,0.23,,2001
2228477,323294,1175,0.075,8,1,0.06,0.08,0.08,,2015
2228497,323294,1177,35.0,8,1,29.0,44.0,34.0,,2015
2228458,323294,1180,60.8,1,1,,,60.8,,2001
2228541,323294,1183,0.0,1,1,,,0.0,,2015
2228542,323294,1184,0.0,1,1,,,0.0,,2015
2228515,323294,1185,0.0,1,1,,,0.0,,2015
2228517,323294,1194,4.3,1,1,,,4.3,,2001
2228521,323294,1195,56.1,1,1,,,56.1,,2001
2228522,323294,1196,0.0,1,1,,,0.0,,2001
2228518,323294,1197,0.4,1,1,,,0.4,,2001
2228519,323294,1198,0.0,1,1,,,0.0,,2001
2228520,323294,1199,0.0,1,1,,,0.0,,2001
2228499,323294,1257,0.032,,4,,,,,
2228500,323294,1258,4.56,,4,,,,,
2228471,323294,1259,0.001,8,1,0.0,0.01,0.0,,2015
2228472,323294,1260,0.0,8,1,0.0,0.0,0.0,,2015
2228454,323294,1261,0.0,8,1,0.0,0.0,0.0,,2015
2228444,323294,1262,0.0,8,1,0.0,0.003,0.0,,2015
2228455,323294,1263,0.0,8,1,0.0,0.0,0.0,,2015
2228501,323294,1264,0.027,8,1,0.016,0.051,0.026,,2015
2228478,323294,1265,3.54,8,1,3.24,4.04,3.51,,2015
2228479,323294,1266,0.828,8,1,0.731,0.972,0.809,,2015
2228480,323294,1267,0.059,8,1,0.036,0.083,0.062,,2015
2228441,323294,1271,0.005,8,1,0.004,0.006,0.005,,2015
2228449,323294,1272,0.0,8,1,0.0,0.0,0.0,,2015
2228450,323294,1273,0.042,8,1,0.01,0.113,0.024,,2015
2228457,323294,1276,0.0,8,1,0.0,0.0,0.0,,2015
2228456,323294,1278,0.002,8,1,0.0,0.012,0.0,,2015
2228451,323294,1280,0.0,8,1,0.0,0.0,0.0,,2015
2228459,323294,1292,34.2,,4,,,,,
2228460,323294,1293,14.5,,4,,,,,
2228442,323294,1299,0.008,8,1,0.007,0.009,0.008,,2015
2228502,323294,1300,0.028,8,1,0.027,0.03,0.028,,2015
2228452,323294,1301,0.024,8,1,0.006,0.063,0.014,,2015
2228531,323294,1303,0.0,8,1,0.0,0.0,0.0,,2015
2228462,323294,1304,0.016,8,1,0.013,0.018,0.016,,2015
2228534,323294,1305,0.0,8,1,0.0,0.0,0.0,,2015
2228463,323294,1306,0.016,8,1,0.013,0.018,0.016,,2015
2228526,323294,1311,0.006,8,1,0.005,0.007,0.006,,2015
2228453,323294,1312,0.001,8,1,0.0,0.005,0.0,,2015
2228443,323294,1313,0.0,8,1,0.0,0.003,0.0,,2015
2228527,323294,1314,0.259,8,1,0.232,0.285,0.26,,2015
2228503,323294,1315,33.8,8,1,32.0,35.8,33.6,,2015
2228504,323294,1316,14.5,8,1,13.1,16.1,14.4,,2015
2228547,323294,1317,0.001,,4,,,,,
2228461,323294,1321,0.002,8,1,0.0,0.006,0.0,,2015
2228506,323294,1323,0.061,8,1,0.057,0.066,0.06,,2015
2228544,323294,1329,0.016,,4,,,,,
2228545,323294,1330,0.016,,4,,,,,
2228546,323294,1331,0.0,,4,,,,,
2228507,323294,1333,0.0,8,1,0.0,0.0,0.0,,2015
2228536,323294,1334,0.0,8,1,0.0,0.0,0.0,,2015
2228530,323294,1335,0.0,8,1,0.0,0.0,0.0,,2015
2228505,323294,1404,0.05,8,1,0.016,0.106,0.026,,2015
2228535,323294,1405,0.0,8,1,0.0,0.0,0.0,,2015
2228533,323294,1406,0.0,8,1,0.0,0.0,0.0,,2015
2228528,323294,1411,0.0,8,1,0.0,0.0,0.0,,2015
2228529,323294,1414,0.0,8,1,0.0,0.0,0.0,,2015
2228523,323294,2009,0.0,8,1,0.0,0.0,0.0,,2015
2228548,323294,2010,0.061,,4,,,,,
2228525,323294,2012,0.076,8,1,0.038,0.112,0.09,,2015
2228524,323294,2014,0.001,8,1,0.0,0.004,0.0,,2015
2228549,323294,2016,14.5,,4,,,,,
2228550,323294,2018,0.052,,4,,,,,
2228532,323294,2019,0.0,8,1,0.0,0.0,0.0,,2015
2228551,323294,2020,0.0,,4,,,,,
2228552,323294,2022,0.005,,4,,,,,
2228553,323294,2023,0.002,,4,,,,,
2228554,323294,2024,0.0,,4,,,,,
2228555,323294,2025,0.0,,4,,,,,
2228556,323294,2026,0.0,,4,,,,,
13338507,323294,2047,667,,1,,,,,
13338409,323294,2048,621,,49,,,,,
2229590,323505,1002,0.47,5,1,0.36,0.61,0.49,,2015
2229550,323505,1003,2.92,,49,2.25,3.81,3.06,,
2229570,323505,1004,1.49,5,1,1.43,1.56,1.49,,2015
2229571,323505,1005,4.42,,49,,,,,
2229551,323505,1007,1.54,5,1,1.26,1.75,1.53,,2015
2229572,323505,1008,35.0,,49,,,,,
2229573,323505,1010,0.0,2,1,0.0,0.0,0.0,,2015
2229574,323505,1011,0.4,2,1,0.32,0.48,0.4,,2015
2229552,323505,1012,0.4,2,1,0.31,0.5,0.4,,2015
2229553,323505,1013,0.0,2,1,0.0,0.0,0.0,,2015
2229575,323505,1014,0.0,2,1,0.0,0.0,0.0,,2015
2229576,323505,1051,89.6,5,1,88.8,90.2,89.8,,2015
2229561,323505,1062,148.0,,49,,,,,
2229591,323505,1063,0.8,,4,,,,,
2229562,323505,1075,0.0,2,1,0.0,0.0,0.0,,2015
2229563,323505,1079,4.1,2,1,4.0,4.2,4.1,,2015
2229578,323505,1087,254.0,5,1,203.0,281.0,264.0,,2015
2229564,323505,1089,1.6,5,1,0.77,3.61,1.14,,2015
2229565,323505,1090,32.7,5,1,28.4,45.8,29.7,,2015
2229566,323505,1091,55.0,5,1,47.0,62.0,58.0,,2015
2229579,323505,1092,348.0,5,1,301.0,389.0,352.0,,2015
2229567,323505,1093,53.0,5,1,16.0,107.0,18.0,,2015
2229580,323505,1095,0.39,5,1,0.2,0.57,0.4,,2015
2229568,323505,1098,0.053,5,1,0.032,0.075,0.054,,2015
2229569,323505,1101,0.92,5,1,0.512,1.46,0.775,,2015
2229545,323505,1106,241.0,,49,,,,,
2229546,323505,1107,2870.0,3,1,2160.0,3830.0,2630.0,,2015
2229547,323505,1108,0.0,3,1,0.0,0.0,0.0,,2015
2229577,323505,1109,0.66,3,1,0.5,0.75,0.74,,2015
2229544,323505,1120,27.0,3,1,19.0,37.0,26.0,,2015
2229543,323505,1122,0.0,3,1,0.0,0.0,0.0,,2015
2229581,323505,1123,6260.0,3,1,4460.0,8560.0,5760.0,,2015
2229582,323505,1125,0.0,3,1,0.0,0.0,0.0,,2015
2229583,323505,1126,0.14,3,1,0.1,0.2,0.13,,2015
2229554,323505,1127,0.0,3,1,0.0,0.0,0.0,,2015
2229584,323505,1128,0.0,3,1,0.0,0.0,0.0,,2015
2229585,323505,1129,0.0,3,1,0.0,0.0,0.0,,2015
2229555,323505,1130,0.0,3,1,0.0,0.0,0.0,,2015
2229556,323505,1131,0.0,3,1,0.0,0.0,0.0,,2015
2229557,323505,1162,93.4,5,1,84.4,104.0,95.5,,2015
2229558,323505,1165,0.113,3,1,0.08,0.13,0.13,,2015
2229559,323505,1166,0.347,3,1,0.28,0.43,0.33,,2015
2229586,323505,1167,1.18,3,1,0.93,1.59,1.02,,2015
2229587,323505,1170,0.37,2,1,0.37,0.37,0.37,,2015
2229588,323505,1175,0.147,3,1,0.12,0.16,0.16,,2015
2229560,323505,1177,62.0,3,1,53.0,72.0,60.0,,2015
2229589,323505,1183,0.0,3,1,0.0,0.0,0.0,,2015
2229548,323505,1184,0.0,3,1,0.0,0.0,0.0,,2015
2229549,323505,1185,390.0,3,1,369.0,422.0,378.0,,2015
13338486,323505,2047,43,,1,,,,,
13338591,323505,2048,35,,49,,,,,
2235175,325036,1002,4.63,12,1,1.73,5.55,5.34,,2013
2235128,325036,1003,29.6,,49,11.0,35.4,34.1,,
2235087,325036,1004,28.0,12,1,22.3,35.2,28.5,,2013
2235088,325036,1005,12.4,,49,,,,,
2235129,325036,1007,7.15,12,1,6.63,8.91,6.95,,2013
2235089,325036,1008,421.0,,49,,,,,
2235090,325036,1010,0.0,2,1,0.0,0.0,0.0,,2013
2235091,325036,1011,0.0,2,1,0.0,0.0,0.0,,2013
2235130,325036,1012,0.0,2,1,0.0,0.0,0.0,,2013
2235131,325036,1013,0.0,2,1,0.0,0.0,0.0,,2013
2235092,325036,1014,0.0,2,1,0.0,0.0,0.0,,2013
2235093,325036,1051,22.8,12,1,20.2,25.1,23.4,,2013
2235132,325036,1062,1760.0,,49,,,,,
2235181,325036,1063,0.07,,4,,,,,
2235133,325036,1075,0.07,2,1,0.07,0.07,0.07,,2013
2235194,325036,1085,24.0,,4,,,,,
2235094,325036,1087,884.0,12,1,348.0,1070.0,1020.0,,2013
2235134,325036,1089,0.45,12,1,0.22,1.1,0.27,,2013
2235135,325036,1090,34.9,12,1,25.0,38.5,36.5,,2013
2235136,325036,1091,634.0,12,1,411.0,760.0,664.0,,2013
2235095,325036,1092,184.0,12,1,121.0,252.0,186.0,,2013
2235137,325036,1093,1750.0,12,1,1440.0,2350.0,1640.0,,2013
2235096,325036,1095,4.33,12,1,1.62,5.39,4.81,,2013
2235138,325036,1098,0.04,12,1,0.029,0.05,0.04,,2013
2235139,325036,1101,0.066,12,1,0.037,0.16,0.044,,2013
2235097,325036,1103,35.0,6,1,19.2,41.3,38.1,,2013
2235140,325036,1105,228.0,2,1,201.0,255.0,228.0,,2013
2235141,325036,1106,228.0,,49,,,,,
2235098,325036,1109,0.51,6,1,0.35,0.68,0.52,,2013
2235106,325036,1125,0.0,6,1,0.0,0.0,0.0,,2013
2235107,325036,1126,0.01,6,1,0.0,0.05,0.0,,2013
2235150,325036,1127,0.0,6,1,0.0,0.0,0.0,,2013
2235108,325036,1128,0.0,6,1,0.0,0.0,0.0,,2013
2235109,325036,1129,0.0,6,1,0.0,0.0,0.0,,2013
2235151,325036,1130,0.0,6,1,0.0,0.0,0.0,,2013
2235152,325036,1131,0.0,6,1,0.0,0.0,0.0,,2013
2235153,325036,1165,0.027,6,1,0.01,0.03,0.03,,2013
2235154,325036,1166,0.345,6,1,0.27,0.41,0.36,,2013
2235110,325036,1167,0.078,6,1,0.03,0.14,0.07,,2013
2235111,325036,1170,0.457,4,1,0.42,0.48,0.465,,2013
2235112,325036,1175,0.081,6,1,0.065,0.095,0.082,,2013
2235155,325036,1177,6.0,2,1,6.0,6.0,6.0,,2013
2235156,325036,1178,1.35,6,1,1.1,1.8,1.2,,2013
2235113,325036,1180,14.1,1,1,,,14.1,,2013
2235114,325036,1183,7.1,2,1,6.8,7.4,7.1,,2013
2235086,325036,1184,0.0,2,1,0.0,0.0,0.0,,2013
2235149,325036,1185,1.7,2,1,1.5,1.9,1.7,,2013
2235176,325036,1194,1.7,1,1,,,1.7,,2013
2235178,325036,1195,0.0,1,1,,,0.0,,2013
2235179,325036,1196,4.9,1,1,,,4.9,,2013
2235177,325036,1197,3.1,1,1,,,3.1,,2013
2235115,325036,1198,0.2,1,1,,,0.2,,2013
2235180,325036,1199,4.4,1,1,,,4.4,,2013
2235143,325036,1253,87.0,6,1,73.0,102.0,88.0,,2013
2235144,325036,1257,0.896,,4,,,,,
2235145,325036,1258,15.5,,4,,,,,
2235099,325036,1259,0.508,12,1,0.186,0.661,0.569,,2013
2235100,325036,1260,0.435,12,1,0.153,0.561,0.489,,2013
2235146,325036,1261,0.274,12,1,0.097,0.347,0.306,,2013
2235101,325036,1262,0.653,12,1,0.225,0.824,0.725,,2013
2235147,325036,1263,0.745,12,1,0.273,0.947,0.815,,2013
2235148,325036,1264,2.39,12,1,0.972,3.09,2.58,,2013
2235102,325036,1265,7.4,12,1,5.99,8.57,7.08,,2013
2235103,325036,1266,2.67,12,1,1.48,3.28,2.93,,2013
2235104,325036,1267,0.046,12,1,0.031,0.067,0.045,,2013
2235105,325036,1271,0.042,12,1,0.012,0.056,0.049,,2013
2235083,325036,1272,0.0,12,1,0.0,0.002,0.0,,2013
2235142,325036,1273,0.012,12,1,0.01,0.014,0.012,,2013
2235085,325036,1276,0.0,12,1,0.0,0.002,0.0,,2013
2235116,325036,1277,0.05,12,1,0.031,0.06,0.05,,2013
2235084,325036,1278,0.008,12,1,0.004,0.012,0.007,,2013
2235157,325036,1280,0.015,12,1,0.006,0.021,0.015,,2013
2235117,325036,1292,6.4,,4,,,,,
2235118,325036,1293,1.2,,4,,,,,
2235119,325036,1299,0.244,12,1,0.096,0.327,0.264,,2013
2235158,325036,1300,0.151,12,1,0.065,0.197,0.162,,2013
2235159,325036,1301,0.009,12,1,0.007,0.015,0.008,,2013
2235160,325036,1303,0.079,12,1,0.028,0.103,0.084,,2013
2235120,325036,1304,0.645,12,1,0.313,0.808,0.701,,2013
2235121,325036,1305,0.0,12,1,0.0,0.0,0.0,,2013
2235122,325036,1306,0.172,12,1,0.076,0.237,0.179,,2013
2235123,325036,1311,0.138,12,1,0.061,0.172,0.146,,2013
2235161,325036,1312,0.0,12,1,0.0,0.0,0.0,,2013
2235124,325036,1313,0.006,12,1,0.0,0.008,0.007,,2013
2235125,325036,1314,0.287,12,1,0.133,0.403,0.286,,2013
2235162,325036,1315,5.79,12,1,4.16,7.25,5.69,,2013
2235163,325036,1316,0.861,12,1,0.412,1.56,0.833,,2013
2235164,325036,1317,0.001,12,1,0.0,0.002,0.001,,2013
2235126,325036,1321,0.001,12,1,0.0,0.005,0.0,,2013
2235165,325036,1323,0.045,12,1,0.021,0.063,0.046,,2013
2235166,325036,1329,0.724,,4,,,,,
2235182,325036,1330,0.172,,4,,,,,
2235167,325036,1333,0.0,12,1,0.0,0.0,0.0,,2013
2235174,325036,1334,0.001,12,1,0.0,0.004,0.0,,2013
2235172,325036,1335,0.0,12,1,0.0,0.0,0.0,,2013
2235168,325036,1404,0.102,12,1,0.07,0.143,0.1,,2013
2235169,325036,1405,0.002,12,1,0.0,0.004,0.001,,2013
2235127,325036,1406,0.027,12,1,0.007,0.037,0.032,,2013
2235170,325036,1409,0.003,12,1,0.0,0.004,0.003,,2013
2235171,325036,1411,0.008,12,1,0.002,0.012,0.008,,2013
2235173,325036,1414,0.0,12,1,0.0,0.0,0.0,,2013
2235183,325036,2009,0.23,,4,,,,,
2235184,325036,2010,0.045,,4,,,,,
2235185,325036,2012,0.05,,4,,,,,
2235186,325036,2016,0.999,,4,,,,,
2235187,325036,2018,0.103,,4,,,,,
2235188,325036,2020,0.029,,4,,,,,
2235189,325036,2022,0.042,,4,,,,,
2235190,325036,2023,0.008,,4,,,,,
2235191,325036,2024,0.015,,4,,,,,
2235192,325036,2025,0.0,,4,,,,,
2235193,325036,2026,0.006,,4,,,,,
13338519,325036,2047,420,,1,,,,,
13338421,325036,2048,420,,49,,,,,
2236456,325430,1002,0.15,8,1,0.13,0.16,0.15,,2001
2236428,325430,1003,0.91,,49,0.82,0.98,0.93,,
2236433,325430,1004,0.27,8,1,0.07,0.51,0.25,,2001
2236396,325430,1005,10.1,,49,,,,,
2236429,325430,1007,0.43,8,1,0.35,0.49,0.43,,2001
2236397,325430,1008,42.0,,49,,,,,
2236430,325430,1009,0.0,4,1,0.0,0.0,0.0,,
2236434,325430,1010,4.76,8,1,3.66,5.97,4.82,,2001
2236435,325430,1011,1.95,8,1,1.25,2.87,1.76,,2001
2236431,325430,1012,1.53,8,1,1.2,2.17,1.39,,2001
2236432,325430,1013,0.0,8,1,0.0,0.0,0.0,,2001
2236436,325430,1014,0.08,8,1,0.0,0.14,0.12,,2001
2236458,325430,1050,9.87,,4,,,,,
2236437,325430,1051,88.3,8,1,87.0,89.7,88.2,,2001
2236398,325430,1062,174.0,,49,,,,,
2236457,325430,1063,8.39,,4,,,,,
2236411,325430,1075,0.06,8,1,0.0,0.17,0.04,,2001
2236412,325430,1079,1.5,,4,,,,,
2236455,325430,1082,0.6,8,1,0.2,0.9,0.6,,2001
2236454,325430,1084,0.9,8,1,0.8,1.2,0.9,,2001
2236438,325430,1087,4.0,8,1,0.0,8.0,3.0,,2001
2236413,325430,1089,0.34,7,1,0.19,0.49,0.41,,2001
2236414,325430,1090,8.0,8,1,7.4,8.6,8.1,,2001
2236415,325430,1091,22.0,8,1,19.0,24.0,22.0,,2001
2236399,325430,1092,122.0,8,1,70.0,170.0,132.0,,2001
2236400,325430,1093,13.0,8,1,2.0,23.0,13.0,,2001
2236443,325430,1095,0.23,8,1,0.16,0.27,0.24,,2001
2236409,325430,1098,0.078,8,1,0.021,0.165,0.067,,2001
2236410,325430,1101,0.026,8,1,0.0,0.059,0.024,,2001
2236444,325430,1103,2.1,6,1,0.1,3.5,2.7,,2001
2236416,325430,1106,24.0,,49,,,,,
2236417,325430,1107,224.0,6,1,125.0,289.0,240.0,,2001
2236418,325430,1108,0.0,6,1,0.0,0.0,0.0,,2001
2236401,325430,1120,117.0,6,1,67.0,178.0,116.0,,2001
2236402,325430,1122,0.0,6,1,0.0,0.0,0.0,,2001
2236439,325430,1123,132.0,6,1,81.0,167.0,136.0,,2001
2236403,325430,1162,4.1,8,1,2.7,6.2,3.7,,2001
2236404,325430,1165,0.024,8,1,0.015,0.028,0.027,,2001
2236405,325430,1166,0.031,8,1,0.02,0.04,0.036,,2001
2236440,325430,1167,0.806,8,1,0.68,0.999,0.803,,2001
2236441,325430,1170,0.153,8,1,0.092,0.215,0.152,,2001
2236442,325430,1175,0.025,8,1,0.014,0.036,0.026,,2001
2236406,325430,1177,6.0,8,1,3.0,10.0,6.0,,2001
2236407,325430,1184,0.0,4,1,0.0,0.0,0.0,,2001
2236408,325430,1185,3.0,4,1,2.5,3.6,3.0,,2001
2236419,325430,1210,0.009,2,1,0.007,0.011,0.009,,2001
2236420,325430,1211,0.015,2,1,0.014,0.016,0.015,,2001
2236445,325430,1212,0.016,2,1,0.016,0.017,0.016,,2001
2236446,325430,1213,0.026,2,1,0.026,0.027,0.026,,2001
2236447,325430,1214,0.028,2,1,0.028,0.029,0.028,,2001
2236421,325430,1215,0.009,2,1,0.007,0.011,0.009,,2001
2236448,325430,1216,0.011,2,1,0.007,0.015,0.011,,2001
2236422,325430,1217,0.018,2,1,0.017,0.02,0.018,,2001
2236423,325430,1218,0.014,2,1,0.013,0.014,0.014,,2001
2236449,325430,1219,0.021,2,1,0.021,0.021,0.021,,2001
2236450,325430,1220,0.017,2,1,0.017,0.017,0.017,,2001
2236451,325430,1221,0.012,2,1,0.012,0.013,0.012,,2001
2236424,325430,1222,0.027,2,1,0.025,0.029,0.027,,2001
2236452,325430,1223,0.415,4,1,0.379,0.47,0.405,,2001
2236425,325430,1224,0.054,2,1,0.053,0.055,0.054,,2001
2236426,325430,1225,0.02,2,1,0.02,0.02,0.02,,2001
2236427,325430,1226,0.017,2,1,0.016,0.018,0.017,,2001
2236453,325430,1227,0.031,2,1,0.03,0.032,0.031,,2001
13338504,325430,2047,46,,1,,,,,
13338406,325430,2048,42,,49,,,,,
2242666,327046,1002,0.17,8,1,0.13,0.21,0.16,,2001
2242728,327046,1003,1.06,,49,0.8,1.32,1.01,,
2242664,327046,1004,0.44,8,1,0.11,1.09,0.3,,2001
2242730,327046,1005,14.0,,49,,,,,
2242663,327046,1007,0.63,8,1,0.46,0.72,0.66,,2001
2242732,327046,1008,58.0,,49,,,,,
2242692,327046,1009,0.0,4,1,0.0,0.0,0.0,,2001
2242681,327046,1010,0.15,6,1,0.07,0.33,0.07,,2001
2242676,327046,1011,4.11,8,1,3.8,4.54,3.99,,2001
2242677,327046,1012,4.35,8,1,4.04,4.8,4.24,,2001
2242679,327046,1013,0.02,8,1,0.0,0.12,0.0,,2001
2242680,327046,1014,0.19,8,1,0.15,0.3,0.18,,2001
2242729,327046,1050,12.0,,4,,,,,
2242665,327046,1051,83.9,8,1,82.6,85.1,84.0,,2001
2242733,327046,1062,241.0,,49,,,,,
2242727,327046,1063,8.99,,4,,,,,
2242678,327046,1075,0.17,8,1,0.0,0.82,0.04,,2001
2242693,327046,1079,3.0,4,1,2.4,3.8,3.0,,2001
2242683,327046,1082,0.7,8,1,0.5,0.8,0.7,,2001
2242682,327046,1084,2.3,8,1,1.7,3.0,2.4,,2001
2242667,327046,1087,35.0,7,1,21.0,44.0,36.0,,2001
2242669,327046,1089,0.24,8,1,0.17,0.34,0.23,,2001
2242670,327046,1090,15.7,8,1,11.6,18.3,16.1,,2001
2242672,327046,1091,34.0,7,1,27.0,42.0,35.0,,2001
2242673,327046,1092,198.0,7,1,105.0,314.0,130.0,,2001
2242674,327046,1093,5.0,6,1,2.0,8.0,5.0,,2001
2242675,327046,1095,0.14,6,1,0.11,0.2,0.12,,2001
2242668,327046,1098,0.134,8,1,0.077,0.18,0.131,,2001
2242671,327046,1101,0.064,8,1,0.037,0.11,0.053,,2001
2242708,327046,1103,0.2,5,1,0.1,0.3,0.3,,2001
2242731,327046,1106,4.0,,49,,,,,
2242689,327046,1107,52.0,6,1,32.0,69.0,52.0,,2001
2242688,327046,1108,0.0,6,1,0.0,0.0,0.0,,2001
2242700,327046,1109,1.3,4,1,1.28,1.33,1.3,,2001
2242687,327046,1120,0.0,6,1,0.0,0.0,0.0,,2001
2242691,327046,1122,0.0,6,1,0.0,0.0,0.0,,2001
2242690,327046,1123,122.0,6,1,96.0,150.0,118.0,,2001
2242707,327046,1125,0.0,4,1,0.0,0.0,0.0,,2001
2242706,327046,1126,0.03,4,1,0.02,0.04,0.02,,2001
2242702,327046,1127,0.0,4,1,0.0,0.0,0.0,,2001
2242701,327046,1128,0.0,4,1,0.0,0.0,0.0,,2001
2242705,327046,1129,0.0,4,1,0.0,0.0,0.0,,2001
2242704,327046,1130,0.1,4,1,0.07,0.14,0.1,,2001
2242703,327046,1131,0.0,4,1,0.0,0.0,0.0,,2001
2242684,327046,1162,74.7,8,1,55.5,105.0,71.8,,2001
2242694,327046,1165,0.027,2,1,0.015,0.038,0.027,,2001
2242695,327046,1166,0.025,6,1,0.02,0.03,0.025,,2001
2242696,327046,1167,0.37,6,1,0.251,0.444,0.369,,2001
2242697,327046,1170,0.206,6,1,0.131,0.28,0.215,,2001
2242698,327046,1175,0.061,6,1,0.057,0.063,0.061,,2001
2242699,327046,1177,26.0,5,1,20.0,32.0,25.0,,2001
2242686,327046,1184,0.0,8,1,0.0,0.0,0.0,,2001
2242685,327046,1185,40.3,8,1,33.9,50.3,39.8,,2001
2242724,327046,1210,0.013,4,1,0.007,0.018,0.014,,2001
2242723,327046,1211,0.043,4,1,0.037,0.05,0.042,,2001
2242715,327046,1212,0.046,4,1,0.041,0.05,0.047,,2001
2242716,327046,1213,0.059,4,1,0.054,0.065,0.058,,2001
2242717,327046,1214,0.055,4,1,0.052,0.061,0.053,,2001
2242722,327046,1215,0.022,4,1,0.016,0.027,0.021,,2001
2242711,327046,1216,0.028,4,1,0.024,0.032,0.028,,2001
2242719,327046,1217,0.039,4,1,0.038,0.042,0.038,,2001
2242725,327046,1218,0.03,4,1,0.027,0.034,0.03,,2001
2242726,327046,1219,0.052,4,1,0.045,0.056,0.052,,2001
2242709,327046,1220,0.073,4,1,0.065,0.082,0.072,,2001
2242714,327046,1221,0.024,4,1,0.023,0.026,0.024,,2001
2242718,327046,1222,0.048,4,1,0.045,0.051,0.048,,2001
2242710,327046,1223,0.113,4,1,0.1,0.127,0.112,,2001
2242712,327046,1224,0.165,4,1,0.158,0.182,0.16,,2001
2242713,327046,1225,0.054,4,1,0.049,0.059,0.054,,2001
2242720,327046,1226,0.04,4,1,0.036,0.044,0.039,,2001
2242721,327046,1227,0.047,4,1,0.045,0.05,0.046,,2001
13338502,327046,2047,64,,1,,,,,
13338404,327046,2048,58,,49,,,,,
2247856,328637,1002,3.65,44,1,3.37,4.01,3.62,,2013
2247800,328637,1003,23.3,,49,21.5,25.6,23.1,,
2247826,328637,1004,34.0,44,1,32.1,37.6,33.6,,2013
2247786,328637,1005,2.44,,49,,,,,
2247801,328637,1007,3.67,44,1,3.42,3.9,3.7,,2013
2247787,328637,1008,408.0,,49,,,,,
2247848,328637,1010,0.0,2,1,0.0,0.0,0.0,,2013
2247829,328637,1011,0.1,3,1,0.0,0.3,0.0,,2013
2247850,328637,1012,0.0,2,1,0.0,0.0,0.0,,2013
2247844,328637,1013,0.16,3,1,0.1,0.18,0.18,,2013
2247849,328637,1014,0.0,2,1,0.0,0.0,0.0,,2013
2247782,328637,1051,36.6,44,1,32.8,39.9,36.5,,2013
2247802,328637,1062,1710.0,,49,,,,,
2247857,328637,1063,0.33,,4,,,,,
2247845,328637,1075,0.07,2,1,0.07,0.07,0.07,,2013
2247872,328637,1085,29.0,,4,,,,,
2247783,328637,1087,707.0,41,1,641.0,761.0,708.0,,2013
2247847,328637,1089,0.16,41,1,0.1,0.28,0.14,,2013
2247851,328637,1090,26.8,41,1,23.7,30.5,26.8,,2013
2247803,328637,1091,458.0,41,1,420.0,492.0,459.0,,2013
2247784,328637,1092,77.0,41,1,58.0,94.0,77.0,,2013
2247846,328637,1093,654.0,41,1,575.0,743.0,650.0,,2013
2247785,328637,1095,3.67,41,1,3.25,3.98,3.69,,2013
2247804,328637,1098,0.033,41,1,0.018,0.05,0.034,,2013
2247843,328637,1101,0.026,41,1,0.017,0.058,0.024,,2013
2247827,328637,1103,28.3,28,1,20.1,35.1,28.6,,2013
2247842,328637,1105,316.0,7,1,249.0,397.0,309.0,,2013
2247805,328637,1106,316.0,,49,,,,,
2247828,328637,1109,0.75,13,1,0.65,0.94,0.76,,2013
2247814,328637,1125,0.0,13,1,0.0,0.0,0.0,,2013
2247818,328637,1126,0.04,13,1,0.0,0.08,0.04,,2013
2247768,328637,1127,0.0,13,1,0.0,0.0,0.0,,2013
2247812,328637,1128,0.0,13,1,0.0,0.0,0.0,,2013
2247813,328637,1129,0.0,13,1,0.0,0.0,0.0,,2013
2247807,328637,1130,0.0,13,1,0.0,0.0,0.0,,2013
2247808,328637,1131,0.0,13,1,0.0,0.0,0.0,,2013
2247835,328637,1165,0.029,27,1,0.02,0.03,0.03,,2013
2247836,328637,1166,0.441,26,1,0.33,0.66,0.415,,2013
2247819,328637,1167,0.052,28,1,0.022,0.09,0.05,,2013
2247820,328637,1170,0.413,24,1,0.28,0.58,0.405,,2013
2247821,328637,1175,0.069,27,1,0.051,0.087,0.071,,2013
2247837,328637,1177,21.0,4,1,14.0,30.0,21.0,,2013
2247838,328637,1178,1.06,27,1,0.7,1.7,1.0,,2013
2247815,328637,1183,9.3,11,1,7.6,13.0,8.8,,2013
2247769,328637,1184,0.0,11,1,0.0,0.0,0.0,,2013
2247841,328637,1185,2.4,11,1,2.0,3.2,2.3,,2013
2247830,328637,1253,100.0,28,1,95.0,106.0,99.0,,2013
2247860,328637,1257,1.14,,4,,,,,
2247831,328637,1258,19.2,,4,,,,,
2247770,328637,1259,0.653,44,1,0.594,0.717,0.646,,2013
2247771,328637,1260,0.543,44,1,0.0,0.636,0.543,,2013
2247788,328637,1261,0.349,44,1,0.308,0.403,0.343,,2013
2247772,328637,1262,0.843,44,1,0.764,0.966,0.834,,2013
2247789,328637,1263,0.963,44,1,0.871,1.09,0.954,,2013
2247790,328637,1264,3.1,44,1,2.83,3.38,3.11,,2013
2247773,328637,1265,8.79,44,1,7.86,9.67,8.74,,2013
2247774,328637,1266,3.39,44,1,2.95,3.83,3.43,,2013
2247822,328637,1267,0.049,44,1,0.041,0.059,0.048,,2013
2247824,328637,1271,0.051,44,1,0.041,0.059,0.051,,2013
2247791,328637,1272,0.001,44,1,0.0,0.003,0.002,,2013
2247792,328637,1273,0.015,44,1,0.011,0.019,0.015,,2013
2247775,328637,1276,0.001,44,1,0.0,0.007,0.0,,2013
2247823,328637,1277,0.064,44,1,0.052,0.073,0.064,,2013
2247839,328637,1278,0.01,44,1,0.006,0.016,0.01,,2013
2247840,328637,1280,0.018,44,1,0.012,0.024,0.017,,2013
2247852,328637,1292,7.44,,4,,,,,
2247776,328637,1293,1.18,,4,,,,,
2247777,328637,1299,0.327,44,1,0.286,0.39,0.326,,2013
2247793,328637,1300,0.196,44,1,0.161,0.231,0.194,,2013
2247832,328637,1301,0.009,44,1,0.007,0.011,0.009,,2013
2247833,328637,1303,0.104,44,1,0.085,0.124,0.101,,2013
2247778,328637,1304,0.816,44,1,0.674,0.917,0.823,,2013
2247811,328637,1305,0.0,44,1,0.0,0.0,0.0,,2013
2247779,328637,1306,0.225,44,1,0.192,0.273,0.225,,2013
2247780,328637,1311,0.167,44,1,0.121,0.198,0.166,,2013
2247834,328637,1312,0.0,44,1,0.0,0.002,0.0,,2013
2247810,328637,1313,0.007,44,1,0.005,0.008,0.007,,2013
2247781,328637,1314,0.412,44,1,0.316,0.51,0.409,,2013
2247794,328637,1315,6.59,44,1,6.06,7.48,6.53,,2013
2247795,328637,1316,0.772,44,1,0.582,0.916,0.784,,2013
2247796,328637,1317,0.001,44,1,0.0,0.004,0.002,,2013
2247825,328637,1321,0.002,44,1,0.0,0.005,0.003,,2013
2247797,328637,1323,0.061,44,1,0.048,0.076,0.061,,2013
2247858,328637,1329,0.92,,4,,,,,
2247859,328637,1330,0.225,,4,,,,,
2247806,328637,1333,0.0,44,1,0.0,0.0,0.0,,2013
2247855,328637,1334,0.002,44,1,0.0,0.006,0.002,,2013
2247853,328637,1335,0.0,44,1,0.0,0.0,0.0,,2013
2247798,328637,1404,0.116,44,1,0.085,0.171,0.104,,2013
2247817,328637,1405,0.001,44,1,0.0,0.005,0.001,,2013
2247809,328637,1406,0.036,44,1,0.029,0.042,0.036,,2013
2247799,328637,1409,0.003,44,1,0.0,0.004,0.003,,2013
2247816,328637,1411,0.008,44,1,0.006,0.012,0.008,,2013
2247854,328637,1414,0.0,44,1,0.0,0.0,0.0,,2013
2247861,328637,2009,0.31,,4,,,,,
2247862,328637,2010,0.061,,4,,,,,
2247863,328637,2012,0.064,,4,,,,,
2247864,328637,2016,0.939,,4,,,,,
2247865,328637,2018,0.118,,4,,,,,
2247866,328637,2020,0.037,,4,,,,,
2247867,328637,2022,0.051,,4,,,,,
2247868,328637,2023,0.01,,4,,,,,
2247869,328637,2024,0.018,,4,,,,,
2247870,328637,2025,0.001,,4,,,,,
2247871,328637,2026,0.007,,4,,,,,
13338518,328637,2047,409,,1,,,,,
13338420,328637,2048,408,,49,,,,,
2253866,330137,1002,1.61,18,1,1.08,1.91,1.62,,2012
2253784,330137,1003,10.3,,49,6.89,12.2,10.4,,
2253845,330137,1004,0.37,18,1,0.23,0.61,0.34,,2012
2253846,330137,1005,3.64,,49,,,,,
2253785,330137,1007,0.72,18,1,0.64,0.78,0.72,,2012
2253847,330137,1008,61.0,,49,,,,,
2253848,330137,1010,0.0,3,1,0.0,0.0,0.0,,2012
2253849,330137,1011,0.0,3,1,0.0,0.0,0.0,,2012
2253786,330137,1012,0.0,3,1,0.0,0.0,0.0,,2012
2253787,330137,1013,2.57,3,1,2.5,2.6,2.6,,2012
2253850,330137,1014,0.0,3,1,0.0,0.0,0.0,,2012
2253851,330137,1051,85.0,18,1,84.3,85.7,85.0,,2012
2253788,330137,1062,256.0,,49,,,,,
2253894,330137,1063,3.27,,4,,,,,
2253789,330137,1075,0.7,3,1,0.7,0.7,0.7,,2012
2253907,330137,1085,0.17,,4,,,,,
2253852,330137,1087,111.0,18,1,108.0,115.0,110.0,,2012
2253783,330137,1089,0.07,18,1,0.04,0.11,0.07,,2012
2253774,330137,1090,10.7,18,1,10.2,11.5,10.6,,2012
2253814,330137,1091,136.0,18,1,130.0,142.0,135.0,,2012
2253853,330137,1092,141.0,18,1,132.0,145.0,141.0,,2012
2253815,330137,1093,36.0,18,1,33.0,39.0,35.0,,2012
2253854,330137,1095,0.53,18,1,0.49,0.6,0.51,,2012
2253816,330137,1098,0.017,18,1,0.015,0.018,0.017,,2012
2253817,330137,1101,0.009,18,1,0.005,0.015,0.009,,2012
2253855,330137,1103,9.9,9,1,9.3,10.2,10.0,,2012
2253818,330137,1105,1.0,3,1,0.0,2.0,1.0,,2012
2253819,330137,1106,1.0,,49,,,,,
2253856,330137,1109,0.01,9,1,0.01,0.01,0.01,,2012
2253857,330137,1110,0.0,1,1,,,0.0,,2012
2253858,330137,1111,0.0,1,1,,,0.0,,2012
2253820,330137,1112,0.0,1,1,,,0.0,,2012
2253821,330137,1114,0.0,,4,,,,,
2253859,330137,1125,0.0,9,1,0.0,0.0,0.0,,2012
2253860,330137,1126,0.0,9,1,0.0,0.0,0.0,,2012
2253822,330137,1127,0.0,9,1,0.0,0.0,0.0,,2012
2253861,330137,1128,0.0,9,1,0.0,0.0,0.0,,2012
2253862,330137,1129,0.0,9,1,0.0,0.0,0.0,,2012
2253823,330137,1130,0.0,9,1,0.0,0.0,0.0,,2012
2253824,330137,1131,0.0,9,1,0.0,0.0,0.0,,2012
2253781,330137,1165,0.022,9,1,0.02,0.03,0.02,,2012
2253782,330137,1166,0.281,9,1,0.25,0.3,0.29,,2012
2253863,330137,1167,0.211,9,1,0.19,0.23,0.21,,2012
2253864,330137,1170,0.332,6,1,0.33,0.34,0.33,,2012
2253865,330137,1175,0.064,9,1,0.06,0.07,0.063,,2012
2253780,330137,1178,0.7,9,1,0.36,0.97,0.79,,2012
2253777,330137,1180,15.1,1,1,,,15.1,,2012
2253778,330137,1183,0.0,3,1,0.0,0.0,0.0,,2012
2253775,330137,1184,0.0,3,1,0.0,0.0,0.0,,2012
2253776,330137,1185,0.0,3,1,0.0,0.0,0.0,,2012
2253889,330137,1194,2.2,1,1,,,2.2,,2012
2253892,330137,1195,1.6,1,1,,,1.6,,2012
2253893,330137,1196,1.4,1,1,,,1.4,,2012
2253891,330137,1197,8.3,1,1,,,8.3,,2012
2253779,330137,1198,0.8,1,1,,,0.8,,2012
2253890,330137,1199,1.6,1,1,,,1.6,,2012
2253885,330137,1210,0.133,3,1,0.13,0.14,0.13,,2012
2253868,330137,1211,0.41,3,1,0.36,0.46,0.41,,2012
2253875,330137,1212,0.527,3,1,0.5,0.54,0.54,,2012
2253876,330137,1213,1.03,3,1,0.98,1.06,1.05,,2012
2253879,330137,1214,0.833,3,1,0.81,0.85,0.84,,2012
2253874,330137,1215,0.293,3,1,0.28,0.3,0.3,,2012
2253884,330137,1216,0.083,3,1,0.08,0.09,0.08,,2012
2253878,330137,1217,0.513,3,1,0.49,0.53,0.52,,2012
2253877,330137,1218,0.51,3,1,0.49,0.52,0.52,,2012
2253873,330137,1219,0.667,3,1,0.63,0.69,0.68,,2012
2253881,330137,1220,0.363,3,1,0.35,0.37,0.37,,2012
2253880,330137,1221,0.293,3,1,0.28,0.3,0.3,,2012
2253872,330137,1222,0.35,3,1,0.33,0.36,0.36,,2012
2253867,330137,1223,0.737,3,1,0.7,0.76,0.75,,2012
2253870,330137,1224,2.19,3,1,2.08,2.27,2.22,,2012
2253871,330137,1225,0.19,3,1,0.18,0.2,0.19,,2012
2253882,330137,1226,1.17,3,1,1.12,1.2,1.2,,2012
2253869,330137,1227,0.533,3,1,0.52,0.55,0.53,,2012
2253883,330137,1228,0.0,3,1,0.0,0.0,0.0,,2012
2253790,330137,1253,5.0,9,1,5.0,6.0,5.0,,2012
2253791,330137,1257,0.005,,4,,,,,
2253792,330137,1258,0.108,,4,,,,,
2253826,330137,1259,0.0,9,1,0.0,0.0,0.0,,2012
2253827,330137,1260,0.002,9,1,0.001,0.003,0.002,,2012
2253793,330137,1261,0.004,9,1,0.003,0.005,0.004,,2012
2253828,330137,1262,0.012,9,1,0.008,0.016,0.012,,2012
2253794,330137,1263,0.006,9,1,0.004,0.008,0.005,,2012
2253795,330137,1264,0.014,9,1,0.009,0.019,0.013,,2012
2253829,330137,1265,0.045,9,1,0.032,0.059,0.047,,2012
2253830,330137,1266,0.02,9,1,0.015,0.024,0.021,,2012
2253831,330137,1267,0.0,9,1,0.0,0.002,0.0,,2012
2253832,330137,1271,0.0,9,1,0.0,0.0,0.0,,2012
2253796,330137,1272,0.0,9,1,0.0,0.003,0.0,,2012
2253797,330137,1273,0.0,9,1,0.0,0.0,0.0,,2012
2253833,330137,1276,0.0,9,1,0.0,0.0,0.0,,2012
2253834,330137,1277,0.002,9,1,0.0,0.003,0.002,,2012
2253798,330137,1278,0.0,9,1,0.0,0.0,0.0,,2012
2253799,330137,1280,0.0,9,1,0.0,0.0,0.0,,2012
2253835,330137,1292,0.043,,4,,,,,
2253836,330137,1293,0.011,,4,,,,,
2253837,330137,1299,0.003,9,1,0.002,0.004,0.003,,2012
2253800,330137,1300,0.003,9,1,0.0,0.004,0.003,,2012
2253801,330137,1301,0.0,9,1,0.0,0.0,0.0,,2012
2253802,330137,1303,0.0,9,1,0.0,0.001,0.0,,2012
2253838,330137,1304,0.005,9,1,0.003,0.009,0.005,,2012
2253839,330137,1305,0.0,9,1,0.0,0.0,0.0,,2012
2253840,330137,1306,0.0,9,1,0.0,0.0,0.0,,2012
2253841,330137,1311,0.0,9,1,0.0,0.0,0.0,,2012
2253803,330137,1312,0.0,9,1,0.0,0.0,0.0,,2012
2253842,330137,1313,0.0,9,1,0.0,0.0,0.0,,2012
2253843,330137,1314,0.002,9,1,0.0,0.004,0.002,,2012
2253804,330137,1315,0.039,9,1,0.028,0.05,0.038,,2012
2253805,330137,1316,0.01,9,1,0.006,0.017,0.009,,2012
2253806,330137,1317,0.0,9,1,0.0,0.0,0.0,,2012
2253844,330137,1321,0.0,9,1,0.0,0.0,0.0,,2012
2253807,330137,1323,0.0,9,1,0.0,0.0,0.0,,2012
2253808,330137,1329,0.005,,4,,,,,
2253895,330137,1330,0.0,,4,,,,,
2253809,330137,1333,0.0,9,1,0.0,0.0,0.0,,2012
2253888,330137,1334,0.0,9,1,0.0,0.0,0.0,,2012
2253886,330137,1335,0.0,9,1,0.0,0.0,0.0,,2012
2253810,330137,1404,0.001,9,1,0.0,0.003,0.0,,2012
2253811,330137,1405,0.0,9,1,0.0,0.0,0.0,,2012
2253825,330137,1406,0.0,9,1,0.0,0.0,0.0,,2012
2253812,330137,1409,0.0,9,1,0.0,0.0,0.0,,2012
2253813,330137,1411,0.0,9,1,0.0,0.0,0.0,,2012
2253887,330137,1414,0.0,9,1,0.0,0.0,0.0,,2012
2253896,330137,2009,0.001,,4,,,,,
2253897,330137,2010,0.0,,4,,,,,
2253898,330137,2012,0.002,,4,,,,,
2253899,330137,2016,0.01,,4,,,,,
2253900,330137,2018,0.001,,4,,,,,
2253901,330137,2020,0.0,,4,,,,,
2253902,330137,2022,0.0,,4,,,,,
2253903,330137,2023,0.0,,4,,,,,
2253904,330137,2024,0.0,,4,,,,,
2253905,330137,2025,0.0,,4,,,,,
2253906,330137,2026,0.0,,4,,,,,
13338542,330137,2047,59,,1,,,,,
13338444,330137,2048,61,,49,,,,,
2254878,330458,1002,0.0,6,1,0.0,0.0,0.0,,2014
2254832,330458,1003,0.0,,49,0.0,0.0,0.0,,
2254841,330458,1004,99.1,6,1,98.6,99.4,99.1,,2014
2254870,330458,1005,0.84,,49,,,,,
2254833,330458,1007,0.03,6,1,0.03,0.05,0.03,,2014
2254843,330458,1008,833.0,,49,,,,,
2254844,330458,1051,0.03,6,1,0.01,0.09,0.01,,2014
2254835,330458,1062,3480.0,,49,,,,,
2254891,330458,1085,90.5,,4,,,,,
2254845,330458,1087,1.0,4,1,1.0,1.0,1.0,,2014
2254834,330458,1089,0.05,4,1,0.04,0.09,0.04,,2014
2254872,330458,1090,0.0,4,1,0.0,0.0,0.0,,2014
2254873,330458,1091,0.0,4,1,0.0,0.0,0.0,,2014
2254871,330458,1092,0.0,4,1,0.0,0.0,0.0,,2014
2254874,330458,1093,0.0,4,1,0.0,0.0,0.0,,2014
2254846,330458,1095,0.02,4,1,0.01,0.02,0.02,,2014
2254836,330458,1098,0.0,4,1,0.0,0.0,0.0,,2014
2254837,330458,1101,0.0,4,1,0.0,0.0,0.0,,2014
2254842,330458,1109,0.11,3,1,0.0,0.21,0.13,,2014
2254847,330458,1125,0.6,3,1,0.54,0.7,0.56,,2014
2254848,330458,1126,0.0,3,1,0.0,0.0,0.0,,2014
2254838,330458,1127,0.18,3,1,0.1,0.28,0.15,,2014
2254849,330458,1128,2.17,3,1,1.75,2.51,2.25,,2014
2254850,330458,1129,0.13,3,1,0.07,0.17,0.14,,2014
2254839,330458,1130,0.36,3,1,0.19,0.5,0.39,,2014
2254840,330458,1131,0.25,3,1,0.1,0.34,0.32,,2014
2254851,330458,1183,0.0,1,1,,,0.0,,2014
2254810,330458,1184,0.0,1,1,,,0.0,,2014
2254811,330458,1185,0.6,1,1,,,0.6,,2014
2254827,330458,1257,0.028,,4,,,,,
2254828,330458,1258,82.5,,4,,,,,
2254852,330458,1259,0.009,6,1,0.0,0.031,0.0,,2014
2254853,330458,1260,0.477,6,1,0.254,0.647,0.46,,2014
2254829,330458,1261,6.8,6,1,6.59,7.21,6.71,,2014
2254854,330458,1262,5.39,6,1,5.26,5.56,5.38,,2014
2254830,330458,1263,41.8,6,1,41.1,42.4,42.0,,2014
2254831,330458,1264,16.7,6,1,16.3,17.0,16.6,,2014
2254855,330458,1265,8.64,6,1,8.36,9.41,8.51,,2014
2254856,330458,1266,2.52,6,1,2.46,2.61,2.51,,2014
2254857,330458,1267,0.076,6,1,0.067,0.089,0.074,,2014
2254808,330458,1271,0.0,6,1,0.0,0.0,0.0,,2014
2254805,330458,1272,0.0,6,1,0.0,0.0,0.0,,2014
2254826,330458,1273,0.019,6,1,0.015,0.024,0.018,,2014
2254809,330458,1276,0.0,6,1,0.0,0.0,0.0,,2014
2254869,330458,1277,0.041,6,1,0.035,0.047,0.042,,2014
2254806,330458,1278,0.0,6,1,0.0,0.0,0.0,,2014
2254807,330458,1280,0.0,6,1,0.0,0.0,0.0,,2014
2254858,330458,1292,6.31,,4,,,,,
2254859,330458,1293,1.7,,4,,,,,
2254860,330458,1299,0.015,6,1,0.013,0.018,0.014,,2014
2254812,330458,1300,0.009,6,1,0.008,0.012,0.009,,2014
2254813,330458,1301,0.031,6,1,0.027,0.036,0.031,,2014
2254814,330458,1303,0.0,6,1,0.0,0.0,0.0,,2014
2254861,330458,1304,0.021,6,1,0.0,0.068,0.013,,2014
2254862,330458,1305,0.0,6,1,0.0,0.0,0.0,,2014
2254863,330458,1306,0.007,6,1,0.0,0.012,0.009,,2014
2254864,330458,1311,0.0,6,1,0.0,0.0,0.0,,2014
2254815,330458,1312,0.0,6,1,0.0,0.0,0.0,,2014
2254865,330458,1313,0.0,6,1,0.0,0.0,0.0,,2014
2254866,330458,1314,0.016,6,1,0.014,0.02,0.015,,2014
2254816,330458,1315,6.25,6,1,5.68,6.94,6.2,,2014
2254817,330458,1316,1.68,6,1,1.41,1.85,1.7,,2014
2254818,330458,1317,0.0,6,1,0.0,0.0,0.0,,2014
2254867,330458,1321,0.0,6,1,0.0,0.0,0.0,,2014
2254819,330458,1323,0.0,6,1,0.0,0.0,0.0,,2014
2254820,330458,1329,0.021,,4,,,,,
2254879,330458,1330,0.007,,4,,,,,
2254821,330458,1333,0.0,6,1,0.0,0.0,0.0,,2014
2254876,330458,1334,0.0,6,1,0.0,0.0,0.0,,2014
2254877,330458,1335,0.0,6,1,0.0,0.0,0.0,,2014
2254822,330458,1404,0.02,6,1,0.0,0.035,0.019,,2014
2254823,330458,1405,0.0,6,1,0.0,0.0,0.0,,2014
2254868,330458,1406,0.0,6,1,0.0,0.0,0.0,,2014
2254824,330458,1409,0.0,6,1,0.0,0.0,0.0,,2014
2254825,330458,1411,0.0,6,1,0.0,0.0,0.0,,2014
2254875,330458,1414,0.0,6,1,0.0,0.0,0.0,,2014
2254880,330458,2009,0.0,,4,,,,,
2254881,330458,2010,0.0,,4,,,,,
2254882,330458,2012,0.041,,4,,,,,
2254883,330458,2016,1.68,,4,,,,,
2254884,330458,2018,0.02,,4,,,,,
2254885,330458,2020,0.0,,4,,,,,
2254886,330458,2022,0.0,,4,,,,,
2254887,330458,2023,0.0,,4,,,,,
2254888,330458,2024,0.0,,4,,,,,
2254889,330458,2025,0.0,,4,,,,,
2254890,330458,2026,0.0,,4,,,,,
13338506,330458,2047,895,,1,,,,,
13338408,330458,2048,833,,49,,,,,
2259592,331960,1002,5.13,6,1,5.01,5.27,5.13,,2012
2259565,331960,1003,32.1,,49,31.3,32.9,32.1,,
2259524,331960,1004,3.24,6,1,2.17,3.99,3.26,,2012
2259525,331960,1005,0.0,,49,,,,,
2259566,331960,1007,1.19,6,1,1.12,1.27,1.17,,2012
2259526,331960,1008,166.0,,49,,,,,
2259527,331960,1051,65.3,6,1,64.4,66.5,65.3,,2012
2259567,331960,1062,695.0,,49,,,,,
2259605,331960,1085,3.05,,4,,,,,
2259528,331960,1087,6.0,6,1,5.0,7.0,5.0,,2012
2259568,331960,1089,0.49,6,1,0.45,0.54,0.48,,2012
2259569,331960,1090,32.0,6,1,30.8,35.2,31.6,,2012
2259570,331960,1091,241.0,6,1,231.0,269.0,238.0,,2012
2259529,331960,1092,343.0,6,1,316.0,410.0,334.0,,2012
2259571,331960,1093,47.0,6,1,40.0,55.0,44.0,,2012
2259530,331960,1095,0.96,6,1,0.89,1.02,0.95,,2012
2259572,331960,1098,0.044,6,1,0.032,0.053,0.044,,2012
2259573,331960,1101,0.012,6,1,0.011,0.015,0.011,,2012
2259531,331960,1103,31.9,3,1,24.1,38.3,33.2,,2012
2259532,331960,1109,0.33,2,1,0.21,0.46,0.33,,2012
2259533,331960,1125,0.0,2,1,0.0,0.0,0.0,,2012
2259534,331960,1126,0.07,2,1,0.06,0.09,0.07,,2012
2259574,331960,1127,0.01,2,1,0.0,0.02,0.01,,2012
2259535,331960,1128,0.0,2,1,0.0,0.0,0.0,,2012
2259536,331960,1129,0.0,2,1,0.0,0.0,0.0,,2012
2259575,331960,1130,0.0,2,1,0.0,0.0,0.0,,2012
2259576,331960,1131,0.0,2,1,0.0,0.0,0.0,,2012
2259577,331960,1165,0.098,3,1,0.08,0.118,0.095,,2012
2259578,331960,1166,0.187,3,1,0.13,0.22,0.21,,2012
2259537,331960,1167,9.45,3,1,8.41,10.5,9.44,,2012
2259514,331960,1170,1.58,2,1,1.53,1.64,1.58,,2012
2259515,331960,1175,0.921,3,1,0.866,0.989,0.908,,2012
2259550,331960,1178,0.2,3,1,0.17,0.22,0.2,,2012
2259551,331960,1253,116.0,3,1,111.0,123.0,113.0,,2012
2259552,331960,1257,0.013,,4,,,,,
2259553,331960,1258,1.01,,4,,,,,
2259516,331960,1259,0.0,6,1,0.0,0.0,0.0,,2012
2259517,331960,1260,0.0,6,1,0.0,0.0,0.0,,2012
2259554,331960,1261,0.0,6,1,0.0,0.0,0.0,,2012
2259518,331960,1262,0.015,6,1,0.013,0.017,0.014,,2012
2259555,331960,1263,0.005,6,1,0.003,0.007,0.005,,2012
2259556,331960,1264,0.019,6,1,0.012,0.024,0.019,,2012
2259519,331960,1265,0.746,6,1,0.543,0.967,0.719,,2012
2259520,331960,1266,0.211,6,1,0.0,0.301,0.246,,2012
2259521,331960,1267,0.002,6,1,0.0,0.003,0.003,,2012
2259522,331960,1271,0.086,6,1,0.075,0.104,0.084,,2012
2259557,331960,1272,0.007,6,1,0.006,0.008,0.007,,2012
2259558,331960,1273,0.005,6,1,0.004,0.007,0.004,,2012
2259523,331960,1276,0.0,6,1,0.0,0.0,0.0,,2012
2259541,331960,1277,0.018,6,1,0.013,0.023,0.017,,2012
2259559,331960,1278,0.004,6,1,0.003,0.005,0.004,,2012
2259560,331960,1280,0.01,6,1,0.008,0.012,0.01,,2012
2259542,331960,1292,1.26,,4,,,,,
2259543,331960,1293,0.766,,4,,,,,
2259544,331960,1299,0.004,6,1,0.003,0.006,0.004,,2012
2259561,331960,1300,0.004,6,1,0.001,0.005,0.004,,2012
2259562,331960,1301,0.0,6,1,0.0,0.0,0.0,,2012
2259563,331960,1303,0.0,6,1,0.0,0.0,0.0,,2012
2259545,331960,1304,0.011,6,1,0.004,0.018,0.011,,2012
2259546,331960,1305,0.0,6,1,0.0,0.0,0.0,,2012
2259547,331960,1306,0.002,6,1,0.0,0.005,0.002,,2012
2259548,331960,1311,0.001,6,1,0.0,0.003,0.0,,2012
2259564,331960,1312,0.0,6,1,0.0,0.0,0.0,,2012
2259549,331960,1313,0.011,6,1,0.009,0.013,0.011,,2012
2259538,331960,1314,0.155,6,1,0.101,0.217,0.142,,2012
2259579,331960,1315,1.08,6,1,0.785,1.4,1.04,,2012
2259580,331960,1316,0.598,6,1,0.465,0.75,0.597,,2012
2259581,331960,1317,0.0,6,1,0.0,0.0,0.0,,2012
2259539,331960,1321,0.0,6,1,0.0,0.0,0.0,,2012
2259582,331960,1323,0.002,6,1,0.0,0.006,0.0,,2012
2259583,331960,1329,0.011,,4,,,,,
2259593,331960,1330,0.002,,4,,,,,
2259584,331960,1333,0.0,6,1,0.0,0.0,0.0,,2012
2259591,331960,1334,0.0,6,1,0.0,0.0,0.0,,2012
2259589,331960,1335,0.0,6,1,0.0,0.0,0.0,,2012
2259585,331960,1404,0.026,6,1,0.023,0.032,0.025,,2012
2259586,331960,1405,0.001,6,1,0.0,0.004,0.0,,2012
2259540,331960,1406,0.021,6,1,0.019,0.026,0.02,,2012
2259587,331960,1409,0.0,6,1,0.0,0.0,0.0,,2012
2259588,331960,1411,0.023,6,1,0.019,0.029,0.022,,2012
2259590,331960,1414,0.0,6,1,0.0,0.0,0.0,,2012
2259594,331960,2009,0.005,,4,,,,,
2259595,331960,2010,0.002,,4,,,,,
2259596,331960,2012,0.018,,4,,,,,
2259597,331960,2016,0.599,,4,,,,,
2259598,331960,2018,0.026,,4,,,,,
2259599,331960,2020,0.022,,4,,,,,
2259600,331960,2022,0.086,,4,,,,,
2259601,331960,2023,0.004,,4,,,,,
2259602,331960,2024,0.01,,4,,,,,
2259603,331960,2025,0.007,,4,,,,,
2259604,331960,2026,0.011,,4,,,,,
13338548,331960,2047,158,,1,,,,,
13338450,331960,2048,166,,49,,,,,
2261084,332282,1002,0.23,36,1,0.14,0.28,0.23,,2009
2261075,332282,1003,1.41,,49,0.88,1.75,1.44,,
2261047,332282,1004,1.48,36,1,0.63,2.82,1.44,,2009
2261048,332282,1005,8.05,,49,,,,,
2261076,332282,1007,1.66,36,1,1.42,2.0,1.64,,2009
2261049,332282,1008,45.0,,49,,,,,
2261010,332282,1009,0.0,18,1,0.0,0.0,0.0,,2009
2261050,332282,1010,0.85,18,1,0.18,2.21,0.53,,2009
2261051,332282,1011,2.3,18,1,2.09,2.62,2.28,,2009
2261074,332282,1012,2.35,18,1,2.07,2.93,2.28,,2009
2261011,332282,1013,0.0,18,1,0.0,0.0,0.0,,2009
2261032,332282,1014,0.0,18,1,0.0,0.0,0.0,,2009
2261086,332282,1050,7.31,,4,,,,,
2261046,332282,1051,87.4,36,1,84.9,89.8,87.5,,2009
2261077,332282,1062,186.0,,49,,,,,
2261085,332282,1063,5.5,,4,,,,,
2261014,332282,1075,0.0,18,1,0.0,0.0,0.0,,2009
2261015,332282,1079,1.8,18,1,1.6,2.0,1.8,,2009
2261099,332282,1085,1.05,,4,,,,,
2261044,332282,1087,27.0,36,1,18.0,37.0,28.0,,2009
2261068,332282,1089,0.78,36,1,0.55,2.12,0.71,,2009
2261012,332282,1090,18.5,36,1,12.6,25.9,19.1,,2009
2261013,332282,1091,34.0,36,1,24.0,40.0,35.0,,2009
2261045,332282,1092,319.0,36,1,244.0,373.0,326.0,,2009
2261071,332282,1093,419.0,36,1,336.0,590.0,397.0,,2009
2261033,332282,1095,0.2,36,1,0.15,0.25,0.2,,2009
2261072,332282,1098,0.081,36,1,0.039,0.103,0.086,,2009
2261073,332282,1101,0.137,36,1,0.094,0.188,0.14,,2009
2261069,332282,1106,32.0,,49,,,,,
2261070,332282,1107,390.0,18,1,291.0,546.0,393.0,,2009
2261081,332282,1108,0.0,18,1,0.0,0.0,0.0,,2009
2261016,332282,1120,0.0,18,1,0.0,0.0,0.0,,2009
2261067,332282,1122,12700.0,18,1,8930.0,14600.0,12800.0,,2009
2261052,332282,1123,190.0,18,1,118.0,297.0,189.0,,2009
2261065,332282,1257,0.005,,4,,,,,
2261066,332282,1258,0.17,,4,,,,,
2261053,332282,1259,0.002,18,1,0.0,0.004,0.002,,2009
2261034,332282,1260,0.0,18,1,0.0,0.0,0.0,,2009
2261017,332282,1261,0.002,18,1,0.001,0.002,0.002,,2009
2261035,332282,1262,0.003,18,1,0.002,0.004,0.003,,2009
2261063,332282,1263,0.001,18,1,0.001,0.002,0.001,,2009
2261064,332282,1264,0.002,18,1,0.001,0.005,0.002,,2009
2261054,332282,1265,0.107,18,1,0.045,0.2,0.068,,2009
2261055,332282,1266,0.039,18,1,0.014,0.076,0.024,,2009
2261056,332282,1267,0.005,18,1,0.001,0.007,0.006,,2009
2261057,332282,1271,0.0,18,1,0.0,0.001,0.0,,2009
2261018,332282,1272,0.0,18,1,0.0,0.0,0.0,,2009
2261019,332282,1273,0.004,18,1,0.001,0.007,0.004,,2009
2261036,332282,1276,0.0,18,1,0.0,0.0,0.0,,2009
2261061,332282,1277,0.008,18,1,0.002,0.016,0.008,,2009
2261020,332282,1278,0.0,18,1,0.0,0.0,0.0,,2009
2261021,332282,1280,0.0,18,1,0.0,0.0,0.0,,2009
2261059,332282,1292,0.376,,4,,,,,
2261060,332282,1293,0.504,,4,,,,,
2261037,332282,1299,0.001,18,1,0.001,0.001,0.001,,2009
2261062,332282,1300,0.001,18,1,0.0,0.002,0.001,,2009
2261022,332282,1301,0.002,18,1,0.001,0.003,0.002,,2009
2261023,332282,1303,0.0,18,1,0.0,0.0,0.0,,2009
2261038,332282,1304,0.001,18,1,0.0,0.002,0.0,,2009
2261039,332282,1305,0.0,18,1,0.0,0.001,0.0,,2009
2261058,332282,1306,0.004,18,1,0.001,0.01,0.002,,2009
2261040,332282,1311,0.001,18,1,0.0,0.002,0.0,,2009
2261024,332282,1312,0.0,18,1,0.0,0.002,0.0,,2009
2261041,332282,1313,0.001,18,1,0.0,0.001,0.001,,2009
2261042,332282,1314,0.002,18,1,0.0,0.004,0.003,,2009
2261079,332282,1315,0.364,18,1,0.058,0.65,0.412,,2009
2261080,332282,1316,0.424,18,1,0.155,0.841,0.248,,2009
2261025,332282,1317,0.0,18,1,0.0,0.001,0.0,,2009
2261043,332282,1321,0.0,18,1,0.0,0.0,0.0,,2009
2261026,332282,1323,0.001,18,1,0.0,0.002,0.001,,2009
2261027,332282,1329,0.001,,4,,,,,
2261087,332282,1330,0.004,,4,,,,,
2261028,332282,1333,0.0,18,1,0.0,0.0,0.0,,2009
2261082,332282,1334,0.0,18,1,0.0,0.0,0.0,,2009
2261083,332282,1335,0.0,18,1,0.0,0.001,0.0,,2009
2261078,332282,1404,0.079,18,1,0.025,0.115,0.088,,2009
2261029,332282,1405,0.0,18,1,0.0,0.0,0.0,,2009
2261031,332282,1406,0.0,18,1,0.0,0.0,0.0,,2009
2261030,332282,1411,0.0,18,1,0.0,0.001,0.0,,2009
2261088,332282,2009,0.0,,4,,,,,
2261089,332282,2010,0.001,,4,,,,,
2261090,332282,2012,0.008,,4,,,,,
2261091,332282,2016,0.425,,4,,,,,
2261092,332282,2018,0.079,,4,,,,,
2261093,332282,2020,0.0,,4,,,,,
2261094,332282,2022,0.0,,4,,,,,
2261095,332282,2023,0.0,,4,,,,,
2261096,332282,2024,0.0,,4,,,,,
2261097,332282,2025,0.0,,4,,,,,
2261098,332282,2026,0.001,,4,,,,,
13338495,332282,2047,51,,1,,,,,
13338397,332282,2048,45,,49,,,,,
2264079,333008,1002,0.93,11,1,0.82,0.99,0.94,,2016
2264158,333008,1003,5.79,,49,5.12,6.19,5.88,,
2264077,333008,1004,14.3,11,1,11.0,15.8,14.9,,2016
2264178,333008,1005,69.6,,49,,,,,
2264076,333008,1007,1.44,11,1,1.31,1.5,1.46,,2016
2264179,333008,1008,430.0,,49,,,,,
2264140,333008,1009,29.8,6,1,27.2,34.2,29.3,,2016
2264139,333008,1010,15.1,6,1,8.86,22.6,14.1,,2016
2264136,333008,1011,7.58,6,1,5.05,10.1,7.68,,2016
2264134,333008,1012,11.1,6,1,5.21,17.4,11.2,,2016
2264137,333008,1013,0.0,6,1,0.0,0.0,0.0,,2016
2264138,333008,1014,1.01,6,1,0.35,1.54,1.14,,2016
2264159,333008,1050,67.9,,4,,,,,
2264078,333008,1051,8.85,11,1,7.5,9.73,8.92,,2016
2264180,333008,1062,1800.0,,49,,,,,
2264157,333008,1063,34.8,,4,,,,,
2264135,333008,1075,0.0,6,1,0.0,0.0,0.0,,2016
2264133,333008,1079,3.3,6,1,2.9,3.8,3.4,,2016
2264177,333008,1085,13.7,,4,,,,,
2264080,333008,1087,29.0,11,1,25.0,36.0,27.0,,2016
2264082,333008,1089,2.28,11,1,1.82,2.69,2.26,,2016
2264083,333008,1090,32.4,11,1,24.4,35.7,33.6,,2016
2264085,333008,1091,111.0,11,1,89.0,135.0,113.0,,2016
2264086,333008,1092,245.0,11,1,200.0,279.0,253.0,,2016
2264087,333008,1093,314.0,11,1,284.0,361.0,306.0,,2016
2264088,333008,1095,0.62,11,1,0.5,0.72,0.62,,2016
2264081,333008,1098,0.141,11,1,0.113,0.158,0.144,,2016
2264084,333008,1101,0.755,11,1,0.608,0.842,0.753,,2016
2264150,333008,1103,6.0,6,1,4.5,7.0,6.2,,2016
2264142,333008,1109,2.69,3,1,1.07,5.84,1.17,,2016
2264144,333008,1125,0.22,3,1,0.18,0.29,0.2,,2016
2264148,333008,1126,5.27,3,1,2.0,7.25,6.57,,2016
2264146,333008,1127,2.4,3,1,1.06,3.16,3.0,,2016
2264143,333008,1128,0.8,3,1,0.4,1.58,0.41,,2016
2264145,333008,1129,0.38,3,1,0.25,0.5,0.38,,2016
2264149,333008,1130,0.51,3,1,0.0,1.52,0.0,,2016
2264147,333008,1131,0.0,3,1,0.0,0.0,0.0,,2016
2264090,333008,1165,0.295,6,1,0.19,0.41,0.29,,2016
2264141,333008,1166,0.218,6,1,0.17,0.25,0.23,,2016
2264152,333008,1167,2.11,6,1,1.78,2.85,1.92,,2016
2264089,333008,1170,0.4,2,1,0.4,0.4,0.4,,2016
2264156,333008,1175,0.07,3,1,0.06,0.08,0.07,,2016
2264151,333008,1177,34.0,6,1,18.0,56.0,32.0,,2016
2264154,333008,1183,0.0,1,1,,,0.0,,2016
2264153,333008,1184,0.0,1,1,,,0.0,,2016
2264155,333008,1185,17.1,1,1,,,17.1,,2016
2264163,333008,1257,0.04,,4,,,,,
2264164,333008,1258,4.78,,4,,,,,
2264130,333008,1259,0.011,6,1,0.009,0.012,0.011,,2016
2264131,333008,1260,0.0,6,1,0.0,0.0,0.0,,2016
2264132,333008,1261,0.014,6,1,0.003,0.024,0.016,,2016
2264091,333008,1262,0.011,6,1,0.003,0.014,0.014,,2016
2264093,333008,1263,0.074,6,1,0.0,0.296,0.014,,2016
2264094,333008,1264,0.064,6,1,0.021,0.142,0.044,,2016
2264098,333008,1265,2.23,6,1,1.66,4.91,1.71,,2016
2264103,333008,1266,2.25,6,1,0.309,3.46,2.89,,2016
2264113,333008,1267,0.048,6,1,0.046,0.052,0.048,,2016
2264119,333008,1271,0.007,6,1,0.004,0.009,0.007,,2016
2264127,333008,1272,0.001,6,1,0.0,0.003,0.0,,2016
2264121,333008,1273,0.038,6,1,0.03,0.042,0.038,,2016
2264112,333008,1276,0.0,6,1,0.0,0.0,0.0,,2016
2264120,333008,1278,0.004,6,1,0.003,0.006,0.004,,2016
2264126,333008,1280,0.0,6,1,0.0,0.0,0.0,,2016
2264167,333008,1292,4.0,,4,,,,,
2264176,333008,1293,4.89,,4,,,,,
2264096,333008,1299,0.005,6,1,0.005,0.007,0.005,,2016
2264101,333008,1300,0.014,6,1,0.008,0.018,0.016,,2016
2264128,333008,1301,0.016,6,1,0.015,0.019,0.016,,2016
2264100,333008,1303,0.0,6,1,0.0,0.0,0.0,,2016
2264105,333008,1304,0.02,6,1,0.005,0.033,0.02,,2016
2264123,333008,1305,0.0,6,1,0.0,0.0,0.0,,2016
2264108,333008,1306,0.02,6,1,0.009,0.025,0.022,,2016
2264106,333008,1311,0.006,6,1,0.003,0.007,0.006,,2016
2264129,333008,1312,0.003,6,1,0.0,0.011,0.0,,2016
2264115,333008,1313,0.004,6,1,0.0,0.005,0.004,,2016
2264099,333008,1314,0.019,6,1,0.015,0.022,0.019,,2016
2264104,333008,1315,3.9,6,1,2.54,7.06,3.12,,2016
2264107,333008,1316,4.21,6,1,1.76,5.36,4.87,,2016
2264165,333008,1317,0.004,,4,,,,,
2264109,333008,1321,0.025,6,1,0.004,0.033,0.029,,2016
2264102,333008,1323,0.005,6,1,0.004,0.006,0.005,,2016
2264160,333008,1329,0.02,,4,,,,,
2264161,333008,1330,0.02,,4,,,,,
2264162,333008,1331,0.0,,4,,,,,
2264097,333008,1333,0.0,6,1,0.0,0.0,0.0,,2016
2264124,333008,1334,0.0,6,1,0.0,0.0,0.0,,2016
2264092,333008,1335,0.0,6,1,0.0,0.0,0.0,,2016
2264110,333008,1404,0.632,6,1,0.051,0.779,0.738,,2016
2264116,333008,1405,0.0,6,1,0.0,0.0,0.0,,2016
2264118,333008,1406,0.0,6,1,0.0,0.0,0.0,,2016
2264125,333008,1411,0.0,6,1,0.0,0.0,0.0,,2016
2264117,333008,1414,0.0,6,1,0.0,0.0,0.0,,2016
2264095,333008,2009,0.0,6,1,0.0,0.0,0.0,,2016
2264166,333008,2010,0.005,,4,,,,,
2264114,333008,2012,0.068,6,1,0.038,0.113,0.062,,2016
2264122,333008,2014,0.004,6,1,0.0,0.006,0.006,,2016
2264168,333008,2016,4.22,,4,,,,,
2264169,333008,2018,0.657,,4,,,,,
2264111,333008,2019,0.0,6,1,0.0,0.0,0.0,,2016
2264170,333008,2020,0.0,,4,,,,,
2264171,333008,2022,0.007,,4,,,,,
2264172,333008,2023,0.004,,4,,,,,
2264173,333008,2024,0.0,,4,,,,,
2264174,333008,2025,0.001,,4,,,,,
2264175,333008,2026,0.004,,4,,,,,
13338557,333008,2047,430,,1,,,,,
2265391,333374,1002,2.61,8,1,2.06,2.95,2.8,,2008
2265357,333374,1003,16.3,,49,12.9,18.4,17.5,,
2265345,333374,1004,0.45,8,1,0.33,0.55,0.46,,2008
2265388,333374,1005,0.0,,49,,,,,
2265358,333374,1007,1.28,8,1,1.0,1.72,1.16,,2008
2265346,333374,1008,74.0,,49,,,,,
2265347,333374,1051,83.4,8,1,81.2,86.2,82.7,,2008
2265348,333374,1062,308.0,,49,,,,,
2265404,333374,1085,0.32,,4,,,,,
2265339,333374,1087,11.0,8,1,5.0,15.0,13.0,,2008
2265359,333374,1089,0.17,8,1,0.12,0.23,0.16,,2008
2265360,333374,1090,21.1,8,1,16.8,24.6,22.4,,2008
2265361,333374,1091,227.0,8,1,183.0,341.0,196.0,,2008
2265340,333374,1092,286.0,8,1,192.0,360.0,306.0,,2008
2265362,333374,1093,213.0,8,1,76.0,452.0,126.0,,2008
2265341,333374,1095,0.32,8,1,0.28,0.38,0.32,,2008
2265363,333374,1098,0.021,8,1,0.018,0.031,0.018,,2008
2265364,333374,1101,0.011,8,1,0.011,0.011,0.011,,2008
2265342,333374,1103,25.9,8,1,23.0,33.5,24.6,,2008
2265343,333374,1109,0.45,3,1,0.42,0.47,0.46,,2008
2265344,333374,1110,18.0,3,1,11.0,24.0,20.0,,2008
2265349,333374,1112,0.5,3,1,0.3,0.6,0.5,,2008
2265350,333374,1114,0.5,,4,,,,,
2265332,333374,1125,0.0,3,1,0.0,0.0,0.0,,2008
2265333,333374,1126,0.0,3,1,0.0,0.0,0.0,,2008
2265354,333374,1127,0.0,3,1,0.0,0.0,0.0,,2008
2265334,333374,1128,0.0,3,1,0.0,0.0,0.0,,2008
2265335,333374,1129,0.0,3,1,0.0,0.0,0.0,,2008
2265355,333374,1130,0.0,3,1,0.0,0.0,0.0,,2008
2265356,333374,1131,0.0,3,1,0.0,0.0,0.0,,2008
2265352,333374,1165,0.02,3,1,0.02,0.02,0.02,,2008
2265353,333374,1166,0.057,3,1,0.03,0.08,0.06,,2008
2265336,333374,1167,3.36,3,1,2.96,3.86,3.27,,2008
2265337,333374,1170,0.403,3,1,0.23,0.66,0.32,,2008
2265338,333374,1175,0.281,3,1,0.236,0.331,0.275,,2008
2265351,333374,1178,1.83,3,1,1.5,2.1,1.9,,2008
2265365,333374,1253,54.0,3,1,46.0,58.0,58.0,,2008
2265366,333374,1257,0.004,,4,,,,,
2265367,333374,1258,0.093,,4,,,,,
2265312,333374,1259,0.001,8,1,0.001,0.002,0.001,,2008
2265314,333374,1260,0.0,8,1,0.0,0.0,0.0,,2008
2265368,333374,1261,0.0,8,1,0.0,0.0,0.0,,2008
2265313,333374,1262,0.001,8,1,0.001,0.002,0.001,,2008
2265369,333374,1263,0.001,8,1,0.001,0.002,0.001,,2008
2265370,333374,1264,0.004,8,1,0.002,0.006,0.005,,2008
2265315,333374,1265,0.063,8,1,0.035,0.085,0.066,,2008
2265316,333374,1266,0.02,8,1,0.015,0.023,0.021,,2008
2265317,333374,1267,0.0,8,1,0.0,0.001,0.0,,2008
2265318,333374,1271,0.009,8,1,0.005,0.012,0.009,,2008
2265371,333374,1272,0.089,8,1,0.053,0.109,0.096,,2008
2265372,333374,1273,0.0,8,1,0.0,0.0,0.0,,2008
2265319,333374,1276,0.002,8,1,0.001,0.003,0.002,,2008
2265320,333374,1277,0.005,8,1,0.002,0.009,0.005,,2008
2265373,333374,1278,0.042,8,1,0.024,0.052,0.042,,2008
2265374,333374,1280,0.005,8,1,0.004,0.005,0.005,,2008
2265321,333374,1292,0.057,,4,,,,,
2265322,333374,1293,0.163,,4,,,,,
2265323,333374,1299,0.001,8,1,0.001,0.002,0.001,,2008
2265375,333374,1300,0.001,8,1,0.0,0.001,0.001,,2008
2265376,333374,1301,0.0,8,1,0.0,0.0,0.0,,2008
2265377,333374,1303,0.001,8,1,0.0,0.001,0.001,,2008
2265324,333374,1304,0.002,8,1,0.002,0.003,0.002,,2008
2265325,333374,1305,0.0,8,1,0.0,0.0,0.0,,2008
2265326,333374,1306,0.001,8,1,0.0,0.001,0.001,,2008
2265327,333374,1311,0.0,8,1,0.0,0.0,0.0,,2008
2265378,333374,1312,0.004,8,1,0.003,0.006,0.004,,2008
2265328,333374,1313,0.001,8,1,0.001,0.001,0.001,,2008
2265329,333374,1314,0.003,8,1,0.002,0.005,0.003,,2008
2265379,333374,1315,0.036,8,1,0.021,0.052,0.035,,2008
2265380,333374,1316,0.014,8,1,0.009,0.029,0.012,,2008
2265381,333374,1317,0.002,8,1,0.001,0.002,0.002,,2008
2265330,333374,1321,0.0,8,1,0.0,0.0,0.0,,2008
2265382,333374,1323,0.006,8,1,0.001,0.015,0.006,,2008
2265383,333374,1329,0.003,,4,,,,,
2265392,333374,1330,0.001,,4,,,,,
2265384,333374,1333,0.0,8,1,0.0,0.0,0.0,,2008
2265390,333374,1334,0.0,8,1,0.0,0.0,0.0,,2008
2265389,333374,1335,0.0,8,1,0.0,0.0,0.0,,2008
2265385,333374,1404,0.002,8,1,0.001,0.002,0.002,,2008
2265386,333374,1405,0.001,8,1,0.001,0.001,0.001,,2008
2265331,333374,1406,0.001,8,1,0.0,0.002,0.0,,2008
2265387,333374,1411,0.001,8,1,0.001,0.002,0.001,,2008
2265393,333374,2009,0.001,,4,,,,,
2265394,333374,2010,0.006,,4,,,,,
2265395,333374,2012,0.005,,4,,,,,
2265396,333374,2016,0.014,,4,,,,,
2265397,333374,2018,0.002,,4,,,,,
2265398,333374,2020,0.002,,4,,,,,
2265399,333374,2022,0.009,,4,,,,,
2265400,333374,2023,0.042,,4,,,,,
2265401,333374,2024,0.005,,4,,,,,
2265402,333374,2025,0.089,,4,,,,,
2265403,333374,2026,0.001,,4,,,,,
13338555,333374,2047,69,,1,,,,,
13338457,333374,2048,74,,49,,,,,
2268180,334194,1002,3.04,42,1,2.56,3.36,3.03,,2011
2268170,334194,1003,19.0,,49,16.0,21.0,18.9,,
2268126,334194,1004,0.94,42,1,0.6,1.27,0.9,,2011
2268179,334194,1005,0.08,,49,,,,,
2268171,334194,1007,0.98,42,1,0.74,1.23,1.0,,2011
2268127,334194,1008,90.0,,49,,,,,
2268204,334194,1010,0.0,1,1,,,0.0,,2016
2268201,334194,1011,0.0,1,1,,,0.0,,2016
2268200,334194,1012,0.0,1,1,,,0.0,,2016
2268202,334194,1013,0.0,1,1,,,0.0,,2016
2268203,334194,1014,0.0,1,1,,,0.0,,2016
2268128,334194,1051,79.0,42,1,76.0,81.3,79.1,,2011
2268172,334194,1062,376.0,,49,,,,,
2268206,334194,1063,0.0,,4,,,,,
2268205,334194,1075,0.0,1,1,,,0.0,,2016
2268217,334194,1085,0.6,,4,,,,,
2268123,334194,1087,18.0,42,1,10.0,23.0,18.0,,2011
2268173,334194,1089,1.67,42,1,0.87,2.4,1.69,,2011
2268174,334194,1090,22.7,42,1,19.1,26.6,22.6,,2011
2268175,334194,1091,137.0,42,1,116.0,179.0,137.0,,2011
2268124,334194,1092,176.0,42,1,156.0,197.0,176.0,,2011
2268176,334194,1093,219.0,42,1,112.0,350.0,208.0,,2011
2268125,334194,1095,0.66,42,1,0.45,1.11,0.61,,2011
2268177,334194,1098,0.048,42,1,0.031,0.059,0.048,,2011
2268199,334194,1100,0.0,3,1,0.0,0.0,0.0,,2016
2268178,334194,1101,0.019,42,1,0.011,0.041,0.019,,2011
2268121,334194,1103,67.8,4,1,55.4,81.4,67.2,,2011
2268122,334194,1110,47.0,4,1,29.0,54.0,52.0,,2011
2268161,334194,1112,1.2,4,1,0.7,1.4,1.3,,2011
2268184,334194,1113,0.0,4,1,0.0,0.0,0.0,,2011
2268162,334194,1114,1.2,,4,,,,,
2268164,334194,1165,0.03,4,1,0.03,0.03,0.03,,2011
2268165,334194,1166,0.082,4,1,0.07,0.09,0.085,,2011
2268118,334194,1167,9.92,4,1,8.36,11.3,10.0,,2011
2268119,334194,1170,0.148,4,1,0.148,0.148,0.148,,2011
2268120,334194,1175,0.32,4,1,0.315,0.325,0.32,,2011
2268163,334194,1178,2.57,4,1,2.0,3.0,2.65,,2011
2268167,334194,1253,36.0,4,1,31.0,38.0,37.0,,2011
2268168,334194,1257,0.002,18,1,0.0,0.01,0.0,,2016
2268169,334194,1258,0.224,18,1,0.17,0.3,0.225,,2016
2268110,334194,1259,0.001,30,1,0.0,0.004,0.001,,2011
2268111,334194,1260,0.0,30,1,0.0,0.0,0.0,,2011
2268112,334194,1261,0.0,30,1,0.0,0.0,0.0,,2011
2268114,334194,1262,0.002,30,1,0.0,0.006,0.0,,2011
2268113,334194,1263,0.0,30,1,0.0,0.002,0.0,,2011
2268166,334194,1264,0.011,30,1,0.006,0.018,0.011,,2011
2268115,334194,1265,0.134,30,1,0.095,0.182,0.136,,2011
2268116,334194,1266,0.054,30,1,0.041,0.065,0.055,,2011
2268117,334194,1267,0.002,30,1,0.0,0.003,0.002,,2011
2268129,334194,1271,0.022,30,1,0.017,0.034,0.022,,2011
2268144,334194,1272,0.197,30,1,0.144,0.272,0.2,,2011
2268145,334194,1273,0.002,30,1,0.0,0.004,0.003,,2011
2268130,334194,1276,0.002,30,1,0.001,0.005,0.002,,2011
2268131,334194,1277,0.004,12,1,0.002,0.01,0.003,,2011
2268146,334194,1278,0.025,30,1,0.015,0.04,0.025,,2011
2268147,334194,1280,0.004,30,1,0.002,0.008,0.004,,2011
2268189,334194,1281,0.0,18,1,0.0,0.0,0.0,,2016
2268132,334194,1292,0.114,18,1,0.09,0.15,0.11,,2016
2268133,334194,1293,0.259,18,1,0.2,0.32,0.27,,2019
2268134,334194,1299,0.005,30,1,0.003,0.008,0.005,,2011
2268148,334194,1300,0.007,30,1,0.005,0.01,0.007,,2011
2268149,334194,1301,0.002,30,1,0.0,0.004,0.002,,2011
2268150,334194,1303,0.001,30,1,0.0,0.003,0.001,,2011
2268135,334194,1304,0.001,30,1,0.0,0.006,0.0,,2011
2268136,334194,1305,0.0,30,1,0.0,0.0,0.0,,2011
2268137,334194,1306,0.0,30,1,0.0,0.002,0.0,,2011
2268138,334194,1311,0.0,30,1,0.0,0.0,0.0,,2011
2268151,334194,1312,0.006,30,1,0.0,0.011,0.008,,2011
2268139,334194,1313,0.002,30,1,0.001,0.004,0.002,,2011
2268140,334194,1314,0.016,30,1,0.008,0.024,0.015,,2011
2268152,334194,1315,0.086,30,1,0.056,0.129,0.085,,2011
2268153,334194,1316,0.013,30,1,0.007,0.063,0.01,,2011
2268154,334194,1317,0.0,12,1,0.0,0.0,0.0,,2011
2268141,334194,1321,0.0,30,1,0.0,0.001,0.0,,2011
2268155,334194,1323,0.003,30,1,0.002,0.005,0.003,,2011
2268156,334194,1329,0.002,,4,,,,,
2268207,334194,1330,0.0,,4,,,,,
2268142,334194,1331,0.0,,4,,,,,
2268157,334194,1333,0.0,30,1,0.0,0.0,0.0,,2011
2268183,334194,1334,0.0,30,1,0.0,0.0,0.0,,2011
2268181,334194,1335,0.0,30,1,0.0,0.0,0.0,,2011
2268158,334194,1404,0.002,30,1,0.001,0.009,0.002,,2011
2268159,334194,1405,0.0,30,1,0.0,0.002,0.0,,2011
2268143,334194,1406,0.0,30,1,0.0,0.002,0.0,,2011
2268160,334194,1411,0.002,30,1,0.0,0.003,0.002,,2011
2268182,334194,1414,0.0,30,1,0.0,0.0,0.0,,2011
2268185,334194,2003,0.0,18,1,0.0,0.0,0.0,,2016
2268186,334194,2004,0.0,18,1,0.0,0.0,0.0,,2016
2268187,334194,2005,0.0,18,1,0.0,0.0,0.0,,2016
2268194,334194,2006,0.001,18,1,0.0,0.002,0.001,,2016
2268197,334194,2007,0.0,18,1,0.0,0.0,0.0,,2016
2268188,334194,2008,0.0,18,1,0.0,0.0,0.0,,2016
2268190,334194,2009,0.0,18,1,0.0,0.0,0.0,,2016
2268208,334194,2010,0.003,,4,,,,,
2268193,334194,2012,0.003,18,1,0.001,0.005,0.002,,2016
2268192,334194,2013,0.0,18,1,0.0,0.0,0.0,,2016
2268196,334194,2014,0.0,18,1,0.0,0.001,0.0,,2016
2268195,334194,2015,0.0,18,1,0.0,0.001,0.0,,2016
2268209,334194,2016,0.013,,4,,,,,
2268210,334194,2018,0.002,,4,,,,,
2268191,334194,2019,0.0,18,1,0.0,0.0,0.0,,2016
2268211,334194,2020,0.0,,4,,,,,
2268198,334194,2021,0.0,18,1,0.0,0.0,0.0,,2016
2268212,334194,2022,0.022,,4,,,,,
2268213,334194,2023,0.025,,4,,,,,
2268214,334194,2024,0.004,,4,,,,,
2268215,334194,2025,0.197,,4,,,,,
2268216,334194,2026,0.002,,4,,,,,
13338552,334194,2047,85,,1,,,,,
13338454,334194,2048,90,,49,,,,,
8514435,746764,1002,0.13,11,1,0.08,0.18,0.14,,1999
8514381,746764,1003,0.81,,49,0.49,1.14,0.88,,
8514368,746764,1004,0.47,11,1,0.25,0.88,0.37,,1999
8514411,746764,1005,7.92,,49,,,,,
8514382,746764,1007,0.72,11,1,0.55,1.15,0.68,,1999
8514412,746764,1008,37.0,,49,,,,,
8514383,746764,1009,0.38,11,1,0.2,0.62,0.34,,1999
8514369,746764,1010,2.31,11,1,0.15,4.25,3.56,,1999
8514370,746764,1011,0.84,11,1,0.35,1.54,0.48,,1999
8514384,746764,1012,1.05,11,1,0.26,1.98,0.37,,1999
8514385,746764,1013,0.0,11,1,0.0,0.0,0.0,,1999
8514371,746764,1014,0.0,11,1,0.0,0.0,0.0,,1999
8514452,746764,1050,7.79,,4,,,,,
8514372,746764,1051,90.1,11,1,89.0,90.6,90.2,,1999
8514434,746764,1062,153.0,,49,,,,,
8514451,746764,1063,4.2,,4,,,,,
8514373,746764,1075,0.0,11,1,0.0,0.0,0.0,,1999
8514374,746764,1079,3.2,,4,,,,,
8514437,746764,1082,1.4,11,1,1.1,1.6,1.4,,1999
8514436,746764,1084,1.9,11,1,1.6,2.1,1.9,,1999
8514443,746764,1085,0.33,4,1,0.22,0.42,0.35,,1999
8514365,746764,1087,33.0,11,1,29.0,39.0,35.0,,1999
8514375,746764,1089,0.43,11,1,0.31,0.59,0.41,,1999
8514376,746764,1090,10.8,11,1,8.8,12.8,11.0,,1999
8514377,746764,1091,31.0,11,1,27.0,38.0,32.0,,1999
8514366,746764,1092,210.0,11,1,158.0,290.0,206.0,,1999
8514378,746764,1093,66.0,11,1,57.0,75.0,65.0,,1999
8514367,746764,1095,0.28,11,1,0.12,0.46,0.33,,1999
8514379,746764,1098,0.08,11,1,0.056,0.176,0.071,,1999
8514380,746764,1101,0.143,11,1,0.1,0.177,0.156,,1999
8514410,746764,1109,0.69,5,1,0.63,0.78,0.7,,1999
8514446,746764,1125,0.01,5,1,0.0,0.02,0.01,,1999
8514444,746764,1126,0.01,5,1,0.0,0.05,0.0,,1999
8514449,746764,1127,0.0,5,1,0.0,0.0,0.0,,1999
8514447,746764,1128,0.0,5,1,0.0,0.0,0.0,,1999
8514450,746764,1129,0.0,5,1,0.0,0.0,0.0,,1999
8514448,746764,1130,0.0,5,1,0.0,0.0,0.0,,1999
8514445,746764,1131,0.0,5,1,0.0,0.0,0.0,,1999
8514386,746764,1162,2.2,11,1,0.7,3.8,2.3,,1999
8514387,746764,1165,0.039,5,1,0.032,0.045,0.043,,1999
8514388,746764,1166,0.047,5,1,0.037,0.065,0.037,,1999
8514362,746764,1167,0.465,5,1,0.445,0.486,0.462,,1999
8514363,746764,1170,0.196,4,1,0.171,0.224,0.195,,1999
8514364,746764,1175,0.088,5,1,0.074,0.095,0.094,,1999
8514391,746764,1177,7.0,8,1,7.0,7.0,7.0,,1999
8514389,746764,1184,0.0,3,1,0.0,0.0,0.0,,1999
8514390,746764,1185,15.0,3,1,9.8,18.4,16.9,,1999
8514392,746764,1210,0.007,5,1,0.007,0.007,0.007,,1999
8514393,746764,1211,0.127,5,1,0.108,0.168,0.124,,1999
8514401,746764,1212,0.052,5,1,0.037,0.074,0.051,,1999
8514402,746764,1213,0.066,5,1,0.056,0.1,0.059,,1999
8514403,746764,1214,0.075,5,1,0.049,0.115,0.059,,1999
8514394,746764,1215,0.015,5,1,0.01,0.019,0.016,,1999
8514404,746764,1216,0.048,5,1,0.024,0.072,0.051,,1999
8514395,746764,1217,0.042,5,1,0.031,0.068,0.037,,1999
8514396,746764,1218,0.031,5,1,0.018,0.061,0.028,,1999
8514405,746764,1219,0.047,5,1,0.035,0.071,0.04,,1999
8514406,746764,1220,0.06,5,1,0.041,0.1,0.05,,1999
8514407,746764,1221,0.03,5,1,0.02,0.047,0.027,,1999
8514397,746764,1222,0.075,5,1,0.064,0.104,0.068,,1999
8514408,746764,1223,0.112,5,1,0.088,0.124,0.117,,1999
8514398,746764,1224,0.196,5,1,0.084,0.251,0.21,,1999
8514399,746764,1225,0.031,5,1,0.024,0.051,0.026,,1999
8514400,746764,1226,0.034,5,1,0.027,0.042,0.033,,1999
8514409,746764,1227,0.033,5,1,0.03,0.037,0.032,,1999
8514427,746764,1258,0.0,,4,,,,,
8514413,746764,1259,0.0,4,1,0.0,0.0,0.0,,1999
8514414,746764,1260,0.0,4,1,0.0,0.0,0.0,,1999
8514428,746764,1261,0.0,4,1,0.0,0.0,0.0,,1999
8514415,746764,1262,0.0,4,1,0.0,0.0,0.0,,1999
8514429,746764,1263,0.0,4,1,0.0,0.0,0.0,,1999
8514430,746764,1264,0.0,4,1,0.0,0.0,0.0,,1999
8514416,746764,1265,0.0,4,1,0.0,0.0,0.0,,1999
8514417,746764,1266,0.0,4,1,0.0,0.0,0.0,,1999
8514438,746764,1267,0.0,4,1,0.0,0.0,0.0,,1999
8514418,746764,1268,0.0,4,1,0.0,0.0,0.0,,1999
8514419,746764,1269,0.163,4,1,0.117,0.205,0.166,,1999
8514420,746764,1270,0.0,4,1,0.0,0.0,0.0,,1999
8514421,746764,1271,0.0,4,1,0.0,0.0,0.0,,1999
8514431,746764,1272,0.0,4,1,0.0,0.0,0.0,,1999
8514439,746764,1273,0.0,4,1,0.0,0.0,0.0,,1999
8514422,746764,1276,0.0,4,1,0.0,0.0,0.0,,1999
8514423,746764,1277,0.0,4,1,0.0,0.0,0.0,,1999
8514432,746764,1278,0.0,4,1,0.0,0.0,0.0,,1999
8514424,746764,1279,0.0,4,1,0.0,0.0,0.0,,1999
8514433,746764,1280,0.0,4,1,0.0,0.0,0.0,,1999
8514425,746764,1292,0.0,,4,,,,,
8514426,746764,1293,0.163,,4,,,,,
8514442,746764,1299,0.0,4,1,0.0,0.0,0.0,,1999
8514441,746764,1300,0.0,4,1,0.0,0.0,0.0,,1999
8514440,746764,1301,0.0,4,1,0.0,0.0,0.0,,1999
8514453,746764,1314,0.0,,4,,,,,
8514454,746764,1315,0.0,,4,,,,,
8514455,746764,1317,0.0,,4,,,,,
8514456,746764,2009,0.0,,4,,,,,
8514457,746764,2012,0.0,,4,,,,,
8514458,746764,2016,0.163,,4,,,,,
8514459,746764,2018,0.0,,4,,,,,
8514460,746764,2022,0.0,,4,,,,,
8514461,746764,2023,0.0,,4,,,,,
8514462,746764,2024,0.0,,4,,,,,
8514463,746764,2025,0.0,,4,,,,,
13338511,746764,2047,39,,1,,,,,
13338413,746764,2048,37,,49,,,,,
8514978,746769,1002,0.2,8,1,0.16,0.23,0.2,,2001
8514968,746769,1003,1.24,,49,1.02,1.47,1.25,,
8514933,746769,1004,0.26,8,1,0.16,0.34,0.27,,2001
8514928,746769,1005,3.24,,49,,,,,
8514969,746769,1007,0.55,8,1,0.46,0.68,0.55,,2001
8514929,746769,1008,17.0,,49,,,,,
8514970,746769,1009,0.0,4,1,0.0,0.0,0.0,,2001
8514942,746769,1010,0.0,4,1,0.0,0.0,0.0,,2001
8514943,746769,1011,0.39,4,1,0.14,0.52,0.44,,2001
8514971,746769,1012,0.8,4,1,0.68,0.95,0.79,,2001
8514972,746769,1013,0.0,4,1,0.0,0.0,0.0,,2001
8514944,746769,1014,0.0,4,1,0.0,0.0,0.0,,2001
8514982,746769,1050,3.0,,4,,,,,
8514945,746769,1051,94.7,14,1,94.3,95.5,94.5,,2001
8514932,746769,1062,70.0,,49,,,,,
8514981,746769,1063,1.19,,4,,,,,
8514963,746769,1075,0.0,4,1,0.0,0.0,0.0,,2001
8514964,746769,1079,1.8,7,1,1.6,2.0,1.8,,2001
8514980,746769,1082,0.1,7,1,0.0,0.4,0.0,,2001
8514979,746769,1084,1.7,7,1,1.3,2.0,1.8,,2001
8514946,746769,1087,35.0,7,1,28.0,42.0,36.0,,2001
8514965,746769,1089,0.95,7,1,0.64,1.54,0.84,,2001
8514966,746769,1090,13.7,7,1,11.1,15.2,13.9,,2001
8514967,746769,1091,30.0,7,1,27.0,32.0,29.0,,2001
8514947,746769,1092,253.0,7,1,234.0,273.0,253.0,,2001
8514948,746769,1095,0.25,7,1,0.19,0.33,0.25,,2001
8514956,746769,1098,0.048,7,1,0.033,0.062,0.042,,2001
8514957,746769,1101,0.127,7,1,0.042,0.224,0.144,,2001
8514949,746769,1103,0.4,7,1,0.2,0.7,0.4,,2001
8514908,746769,1106,436.0,,49,,,,,
8514909,746769,1107,5230.0,6,1,1770.0,8750.0,5800.0,,2001
8514962,746769,1108,0.0,6,1,0.0,0.0,0.0,,2001
8514950,746769,1109,0.14,7,1,0.04,0.24,0.13,,2001
8514977,746769,1116,0.0,6,1,0.0,0.0,0.0,,2001
8514976,746769,1117,0.0,6,1,0.0,0.0,0.0,,2001
8514951,746769,1120,0.0,6,1,0.0,0.0,0.0,,2001
8514952,746769,1122,0.0,6,1,0.0,0.0,0.0,,2001
8514934,746769,1123,2310.0,6,1,931.0,4040.0,2110.0,,2001
8514935,746769,1125,0.0,7,1,0.0,0.01,0.0,,2001
8514936,746769,1126,0.32,7,1,0.13,0.6,0.31,,2001
8514953,746769,1127,0.01,7,1,0.0,0.01,0.01,,2001
8514937,746769,1128,0.03,7,1,0.0,0.06,0.01,,2001
8514938,746769,1129,0.0,7,1,0.0,0.0,0.0,,2001
8514954,746769,1130,0.0,7,1,0.0,0.0,0.0,,2001
8514955,746769,1131,0.0,7,1,0.0,0.0,0.0,,2001
8514930,746769,1162,4.6,14,1,0.8,9.3,4.9,,2001
8514960,746769,1165,0.079,7,1,0.058,0.092,0.08,,2001
8514961,746769,1166,0.072,8,1,0.05,0.083,0.074,,2001
8514939,746769,1167,0.323,8,1,0.291,0.36,0.315,,2001
8514940,746769,1170,0.145,8,1,0.11,0.183,0.151,,2001
8514941,746769,1175,0.078,8,1,0.064,0.103,0.075,,2001
8514931,746769,1177,50.0,14,1,29.0,67.0,56.0,,2001
8514958,746769,1184,0.0,8,1,0.0,0.0,0.0,,2001
8514959,746769,1185,102.0,8,1,69.7,129.0,109.0,,2001
8514975,746769,1188,40.0,6,1,17.0,52.0,41.0,,2009
8514973,746769,1191,9.0,6,1,8.0,11.0,10.0,,2009
8514974,746769,1192,5.0,6,1,5.0,7.0,5.0,,2009
8514910,746769,1210,0.011,4,1,0.002,0.02,0.011,,2001
8514911,746769,1211,0.044,4,1,0.04,0.05,0.042,,2001
8514919,746769,1212,0.045,4,1,0.04,0.05,0.044,,2001
8514920,746769,1213,0.076,4,1,0.07,0.08,0.076,,2001
8514921,746769,1214,0.064,4,1,0.06,0.07,0.062,,2001
8514912,746769,1215,0.014,4,1,0.002,0.02,0.018,,2001
8514922,746769,1216,0.006,4,1,0.002,0.01,0.006,,2001
8514913,746769,1217,0.066,4,1,0.046,0.09,0.065,,2001
8514914,746769,1218,0.024,4,1,0.002,0.034,0.031,,2001
8514923,746769,1219,0.055,4,1,0.05,0.06,0.055,,2001
8514924,746769,1220,0.054,4,1,0.05,0.06,0.053,,2001
8514925,746769,1221,0.021,4,1,0.02,0.023,0.02,,2001
8514915,746769,1222,0.056,4,1,0.05,0.07,0.053,,2001
8514926,746769,1223,0.14,4,1,0.128,0.15,0.14,,2001
8514916,746769,1224,0.179,4,1,0.161,0.2,0.177,,2001
8514917,746769,1225,0.049,4,1,0.04,0.06,0.048,,2001
8514918,746769,1226,0.045,4,1,0.04,0.05,0.046,,2001
8514927,746769,1227,0.05,4,1,0.05,0.051,0.05,,2001
13338490,746769,2047,20,,1,,,,,
13338392,746769,2048,17,,49,,,,,
8515098,746771,1002,0.14,8,1,0.11,0.17,0.15,,2001
8515054,746771,1003,0.91,,49,0.67,1.07,0.93,,
8515073,746771,1004,0.15,8,1,0.05,0.31,0.13,,2001
8515094,746771,1005,11.8,,49,,,,,
8515055,746771,1007,0.43,8,1,0.37,0.53,0.41,,2001
8515095,746771,1008,47.0,,49,,,,,
8515056,746771,1009,0.0,1,1,,,0.0,,2001
8515074,746771,1010,4.19,8,1,3.28,5.22,4.02,,2001
8515075,746771,1011,2.02,8,1,1.01,2.56,2.17,,2001
8515057,746771,1012,2.36,8,1,1.86,2.7,2.48,,2001
8515058,746771,1013,0.0,8,1,0.0,0.0,0.0,,2001
8515076,746771,1014,0.0,8,1,0.0,0.0,0.0,,2001
8515102,746771,1050,10.6,,4,,,,,
8515077,746771,1051,86.7,8,1,85.5,87.9,86.6,,2001
8515096,746771,1062,196.0,,49,,,,,
8515101,746771,1063,8.57,,4,,,,,
8515046,746771,1075,0.0,4,1,0.0,0.0,0.0,,2001
8515047,746771,1079,2.0,4,1,1.9,2.1,2.0,,2001
8515100,746771,1082,0.2,4,1,0.2,0.2,0.2,,2001
8515099,746771,1084,1.8,4,1,1.7,1.9,1.8,,2001
8515078,746771,1087,43.0,8,1,37.0,57.0,42.0,,2001
8515048,746771,1089,0.33,8,1,0.11,0.91,0.23,,2001
8515049,746771,1090,10.7,8,1,10.0,11.7,10.6,,2001
8515050,746771,1091,23.0,8,1,22.0,25.0,23.0,,2001
8515079,746771,1092,166.0,8,1,147.0,188.0,164.0,,2001
8515051,746771,1093,9.0,8,1,0.0,21.0,8.0,,2001
8515080,746771,1095,0.11,8,1,0.06,0.32,0.08,,2001
8515052,746771,1098,0.064,8,1,0.03,0.104,0.059,,2001
8515053,746771,1101,0.029,8,1,0.017,0.041,0.028,,2001
8515081,746771,1103,0.0,4,1,0.0,0.1,0.0,,2001
8515059,746771,1162,59.1,8,1,51.8,65.6,58.0,,2001
8515060,746771,1165,0.068,8,1,0.027,0.116,0.063,,2001
8515061,746771,1166,0.051,8,1,0.034,0.064,0.053,,2001
8515082,746771,1167,0.425,8,1,0.353,0.469,0.428,,2001
8515083,746771,1170,0.261,8,1,0.19,0.383,0.233,,2001
8515084,746771,1175,0.079,8,1,0.054,0.129,0.07,,2001
8515062,746771,1177,25.0,8,1,8.0,68.0,17.0,,2001
8515071,746771,1184,0.0,8,1,0.0,0.0,0.0,,2001
8515072,746771,1185,0.0,8,1,0.0,0.1,0.0,,2001
8515063,746771,1210,0.008,3,1,0.007,0.01,0.007,,2001
8515064,746771,1211,0.016,3,1,0.013,0.02,0.015,,2001
8515085,746771,1212,0.014,3,1,0.01,0.017,0.016,,2001
8515086,746771,1213,0.025,3,1,0.02,0.028,0.026,,2001
8515087,746771,1214,0.032,3,1,0.03,0.035,0.032,,2001
8515065,746771,1215,0.007,3,1,0.007,0.007,0.007,,2001
8515088,746771,1216,0.009,3,1,0.007,0.01,0.01,,2001
8515097,746771,1217,0.051,3,1,0.016,0.12,0.017,,2001
8515066,746771,1218,0.011,3,1,0.01,0.013,0.011,,2001
8515089,746771,1219,0.022,3,1,0.02,0.025,0.022,,2001
8515090,746771,1220,0.099,3,1,0.089,0.107,0.1,,2001
8515091,746771,1221,0.011,3,1,0.01,0.012,0.011,,2001
8515067,746771,1222,0.028,3,1,0.025,0.03,0.029,,2001
8515092,746771,1223,0.12,3,1,0.107,0.132,0.12,,2001
8515068,746771,1224,0.242,3,1,0.056,0.6,0.071,,2001
8515069,746771,1225,0.02,3,1,0.019,0.021,0.02,,2001
8515070,746771,1226,0.153,3,1,0.13,0.168,0.162,,2001
8515093,746771,1227,0.032,3,1,0.03,0.035,0.031,,2001
13338500,746771,2047,52,,1,,,,,
13338402,746771,2048,47,,49,,,,,
8515195,746772,1002,0.53,24,1,0.48,0.63,0.53,,2018
8515110,746772,1003,3.38,,49,3.06,4.02,3.38,,
8515119,746772,1004,0.95,24,1,0.72,1.19,0.94,,2018
8515137,746772,1005,5.18,,49,,,,,
8515111,746772,1007,0.8,24,1,0.52,1.55,0.72,,2018
8515138,746772,1008,43.0,,49,,,,,
8515155,746772,1010,0.0,12,1,0.0,0.0,0.0,,2018
8515156,746772,1011,0.0,12,1,0.0,0.0,0.0,,2018
8515182,746772,1012,0.0,12,1,0.0,0.0,0.0,,2018
8515183,746772,1013,4.96,12,1,4.59,5.84,4.94,,2018
8515157,746772,1014,0.0,12,1,0.0,0.0,0.0,,2018
8515118,746772,1051,89.7,24,1,86.9,91.8,89.9,,2018
8515129,746772,1062,179.0,,49,,,,,
8515243,746772,1063,4.96,,4,,,,,
8515181,746772,1075,0.0,12,1,0.0,0.0,0.0,,2018
8515257,746772,1085,0.85,,4,,,,,
8515194,746772,1087,126.0,12,1,111.0,143.0,127.0,,2018
8515193,746772,1089,0.0,12,1,0.0,0.0,0.0,,2018
8515105,746772,1090,12.0,12,1,10.5,14.0,12.0,,2018
8515106,746772,1091,103.0,12,1,93.0,115.0,103.0,,2018
8515103,746772,1092,159.0,12,1,150.0,191.0,156.0,,2018
8515107,746772,1093,39.0,12,1,36.0,48.0,38.0,,2018
8515104,746772,1095,0.43,12,1,0.37,0.48,0.43,,2018
8515108,746772,1098,0.001,12,1,0.0,0.006,0.0,,2018
8515258,746772,1100,36.2,24,1,12.9,85.2,33.6,,2018
8515109,746772,1101,0.0,12,1,0.0,0.003,0.0,,2018
8515121,746772,1103,2.1,12,1,0.0,4.2,3.1,,2018
8515259,746772,1105,58.0,12,1,22.0,81.0,62.0,,2018
8515130,746772,1106,58.0,,49,,,,,
8515184,746772,1107,1.0,6,1,1.0,3.0,1.0,,2018
8515185,746772,1108,0.0,6,1,0.0,0.0,0.0,,2018
8515168,746772,1109,0.02,6,1,0.01,0.05,0.02,,2018
8515136,746772,1110,42.4,,4,,,,,
8515197,746772,1111,0.0,24,1,0.0,0.0,0.0,,2018
8515131,746772,1112,1.06,24,1,0.0,2.16,1.04,,2018
8515196,746772,1113,0.0,24,1,0.0,0.01,0.0,,2018
8515132,746772,1114,1.06,,4,,,,,
8515237,746772,1119,0.0,6,1,0.0,0.0,0.0,,2018
8515186,746772,1120,0.0,6,1,0.0,2.0,0.0,,2018
8515234,746772,1121,0.0,6,1,0.0,1.0,0.0,,2018
8515187,746772,1122,0.0,6,1,0.0,0.0,0.0,,2018
8515163,746772,1125,0.0,6,1,0.0,0.0,0.0,,2018
8515164,746772,1126,0.0,6,1,0.0,0.0,0.0,,2018
8515188,746772,1127,0.0,6,1,0.0,0.0,0.0,,2018
8515165,746772,1128,0.0,6,1,0.0,0.0,0.0,,2018
8515166,746772,1129,0.0,6,1,0.0,0.0,0.0,,2018
8515189,746772,1130,0.0,6,1,0.0,0.0,0.0,,2018
8515190,746772,1131,0.0,6,1,0.0,0.0,0.0,,2018
8515231,746772,1159,0.0,6,1,0.0,1.0,0.0,,2018
8515233,746772,1160,0.0,6,1,0.0,0.0,0.0,,2018
8515232,746772,1161,0.0,6,1,0.0,0.0,0.0,,2018
8515112,746772,1165,0.057,12,1,0.046,0.071,0.056,,2018
8515113,746772,1166,0.14,12,1,0.114,0.176,0.141,,2018
8515122,746772,1167,0.113,12,1,0.08,0.14,0.105,,2018
8515167,746772,1170,0.368,6,1,0.33,0.393,0.374,,2018
8515120,746772,1175,0.06,12,1,0.054,0.069,0.061,,2018
8515191,746772,1177,2.0,12,1,0.0,7.0,0.0,,2018
8515192,746772,1178,0.61,12,1,0.51,0.84,0.58,,2018
8515127,746772,1180,17.4,6,1,16.0,19.4,17.0,,2018
8515238,746772,1194,3.0,6,1,2.4,3.7,2.9,,2018
8515241,746772,1195,0.9,6,1,0.8,0.9,0.9,,2018
8515240,746772,1196,1.8,6,1,1.3,2.4,1.8,,2018
8515239,746772,1197,10.9,6,1,9.8,12.7,10.7,,2018
8515128,746772,1198,0.9,6,1,0.6,1.6,0.8,,2018
8515242,746772,1199,0.8,6,1,0.0,1.1,1.0,,2018
8515146,746772,1210,0.045,12,1,0.04,0.06,0.04,,2018
8515147,746772,1211,0.158,12,1,0.13,0.2,0.16,,2018
8515139,746772,1212,0.174,12,1,0.14,0.24,0.17,,2018
8515140,746772,1213,0.342,12,1,0.29,0.44,0.33,,2018
8515141,746772,1214,0.308,12,1,0.27,0.38,0.3,,2018
8515148,746772,1215,0.092,12,1,0.08,0.12,0.09,,2018
8515149,746772,1217,0.168,12,1,0.14,0.21,0.16,,2018
8515150,746772,1218,0.167,12,1,0.14,0.21,0.16,,2018
8515142,746772,1219,0.21,12,1,0.17,0.28,0.205,,2018
8515169,746772,1220,0.128,12,1,0.11,0.16,0.12,,2018
8515143,746772,1221,0.099,12,1,0.09,0.12,0.1,,2018
8515151,746772,1222,0.111,12,1,0.09,0.14,0.11,,2018
8515144,746772,1223,0.286,12,1,0.23,0.37,0.28,,2018
8515152,746772,1224,0.809,12,1,0.67,1.07,0.78,,2018
8515153,746772,1225,0.069,12,1,0.06,0.09,0.07,,2018
8515154,746772,1226,0.349,12,1,0.29,0.44,0.345,,2018
8515145,746772,1227,0.194,12,1,0.16,0.24,0.19,,2018
8515229,746772,1228,0.0,12,1,0.0,0.0,0.0,,2018
8515228,746772,1232,0.036,12,1,0.03,0.05,0.035,,2018
8515114,746772,1253,5.0,24,1,4.0,6.0,5.0,,2018
8515227,746772,1257,0.036,12,1,0.01,0.05,0.04,,2018
8515133,746772,1258,0.568,12,1,0.5,0.7,0.555,,2018
8515123,746772,1259,0.022,12,1,0.018,0.027,0.021,,2018
8515124,746772,1260,0.015,12,1,0.0,0.021,0.015,,2018
8515115,746772,1261,0.011,12,1,0.009,0.014,0.01,,2018
8515162,746772,1262,0.023,12,1,0.0,0.03,0.024,,2018
8515116,746772,1263,0.026,12,1,0.0,0.037,0.027,,2018
8515117,746772,1264,0.093,12,1,0.078,0.115,0.089,,2018
8515125,746772,1265,0.265,12,1,0.227,0.337,0.252,,2018
8515126,746772,1266,0.096,12,1,0.078,0.114,0.094,,2018
8515161,746772,1267,0.001,12,1,0.001,0.002,0.001,,2018
8515170,746772,1271,0.001,12,1,0.0,0.002,0.001,,2018
8515180,746772,1272,0.0,12,1,0.0,0.0,0.0,,2018
8515214,746772,1273,0.0,12,1,0.0,0.001,0.0,,2018
8515171,746772,1276,0.0,12,1,0.0,0.0,0.0,,2018
8515172,746772,1278,0.0,12,1,0.0,0.0,0.0,,2018
8515173,746772,1280,0.0,12,1,0.0,0.001,0.0,,2018
8515201,746772,1281,0.001,12,1,0.001,0.002,0.001,,2018
8515134,746772,1292,0.21,12,1,0.17,0.25,0.2,,2018
8515135,746772,1293,0.032,12,1,0.03,0.04,0.03,,2019
8515158,746772,1299,0.01,12,1,0.009,0.013,0.01,,2018
8515174,746772,1300,0.006,12,1,0.004,0.008,0.005,,2018
8515222,746772,1301,0.0,12,1,0.0,0.001,0.0,,2018
8515202,746772,1303,0.002,12,1,0.002,0.004,0.002,,2018
8515159,746772,1304,0.027,12,1,0.0,0.04,0.03,,2018
8515217,746772,1305,0.0,12,1,0.0,0.0,0.0,,2018
8515204,746772,1306,0.004,12,1,0.0,0.006,0.004,,2018
8515203,746772,1311,0.004,12,1,0.003,0.006,0.003,,2018
8515223,746772,1312,0.0,12,1,0.0,0.0,0.0,,2018
8515209,746772,1313,0.0,12,1,0.0,0.0,0.0,,2018
8515160,746772,1314,0.012,12,1,0.007,0.019,0.012,,2018
8515175,746772,1315,0.187,12,1,0.148,0.217,0.18,,2018
8515176,746772,1316,0.026,12,1,0.021,0.033,0.024,,2018
8515247,746772,1317,0.0,,4,,,,,
8515205,746772,1321,0.0,12,1,0.0,0.0,0.0,,2018
8515177,746772,1323,0.002,12,1,0.0,0.002,0.002,,2018
8515244,746772,1329,0.031,,4,,,,,
8515245,746772,1330,0.004,,4,,,,,
8515246,746772,1331,0.0,,4,,,,,
8515178,746772,1333,0.0,12,1,0.0,0.0,0.0,,2018
8515218,746772,1334,0.0,12,1,0.0,0.0,0.0,,2018
8515198,746772,1335,0.0,12,1,0.0,0.0,0.0,,2018
8515179,746772,1404,0.004,12,1,0.002,0.005,0.004,,2018
8515210,746772,1405,0.0,12,1,0.0,0.0,0.0,,2018
8515212,746772,1406,0.001,12,1,0.0,0.002,0.001,,2018
8515220,746772,1411,0.0,12,1,0.0,0.0,0.0,,2018
8515211,746772,1414,0.0,12,1,0.0,0.0,0.0,,2018
8515224,746772,2003,0.0,12,1,0.0,0.0,0.0,,2018
8515225,746772,2004,0.0,12,1,0.0,0.0,0.0,,2018
8515226,746772,2005,0.0,12,1,0.0,0.0,0.0,,2018
8515213,746772,2006,0.0,12,1,0.0,0.0,0.0,,2018
8515221,746772,2007,0.0,12,1,0.0,0.0,0.0,,2018
8515199,746772,2008,0.0,12,1,0.0,0.0,0.0,,2018
8515200,746772,2009,0.007,12,1,0.005,0.009,0.007,,2018
8515248,746772,2010,0.002,,4,,,,,
8515207,746772,2012,0.001,12,1,0.0,0.002,0.001,,2018
8515208,746772,2013,0.0,12,1,0.0,0.0,0.0,,2018
8515216,746772,2014,0.0,12,1,0.0,0.0,0.0,,2018
8515215,746772,2015,0.0,12,1,0.0,0.0,0.0,,2018
8515249,746772,2016,0.029,,4,,,,,
8515250,746772,2018,0.004,,4,,,,,
8515206,746772,2019,0.0,12,1,0.0,0.0,0.0,,2018
8515251,746772,2020,0.001,,4,,,,,
8515219,746772,2021,0.0,12,1,0.0,0.0,0.0,,2018
8515252,746772,2022,0.001,,4,,,,,
8515253,746772,2023,0.0,,4,,,,,
8515254,746772,2024,0.0,,4,,,,,
8515255,746772,2025,0.0,,4,,,,,
8515256,746772,2026,0.0,,4,,,,,
8515235,746772,2028,1.0,6,1,1.0,2.0,1.0,,2018
8515236,746772,2029,0.0,6,1,0.0,0.0,0.0,,2018
8515230,746772,2032,0.0,6,1,0.0,0.0,0.0,,2018
13338521,746772,2047,43,,1,,,,,
13338423,746772,2048,43,,49,,,,,
8516477,746784,1002,0.0,8,1,0.0,0.0,0.0,,2006
8516457,746784,1003,0.0,,49,0.0,0.0,0.0,,
8516466,746784,1004,0.32,8,1,0.11,0.55,0.32,,2006
8516475,746784,1005,99.6,,49,,,,,
8516476,746784,1007,0.07,8,1,0.03,0.13,0.05,,2006
8516467,746784,1008,385.0,,49,,,,,
8516468,746784,1010,99.8,8,1,99.2,100.0,99.9,,2006
8516469,746784,1011,0.0,8,1,0.0,0.0,0.0,,2006
8516458,746784,1012,0.0,8,1,0.0,0.0,0.0,,2006
8516459,746784,1013,0.0,8,1,0.0,0.0,0.0,,2006
8516470,746784,1014,0.0,8,1,0.0,0.0,0.0,,2006
8516471,746784,1051,0.02,8,1,0.01,0.06,0.01,,2006
8516455,746784,1062,1610.0,,49,,,,,
8516478,746784,1063,99.8,,4,,,,,
8516456,746784,1075,0.03,8,1,0.0,0.21,0.0,,2006
8516472,746784,1087,1.0,8,1,0.0,3.0,1.0,,2006
8516460,746784,1089,0.05,8,1,0.03,0.09,0.05,,2006
8516461,746784,1090,0.3,8,1,0.3,0.3,0.3,,2006
8516462,746784,1091,0.0,8,1,0.0,0.0,0.0,,2006
8516473,746784,1092,2.0,8,1,1.0,3.0,1.0,,2006
8516463,746784,1093,1.0,8,1,1.0,1.0,1.0,,2006
8516474,746784,1095,0.01,8,1,0.01,0.02,0.01,,2006
8516464,746784,1098,0.007,8,1,0.007,0.007,0.007,,2006
8516465,746784,1101,0.004,8,1,0.004,0.004,0.004,,2006
13338513,746784,2047,401,,1,,,,,
13338415,746784,2048,385,,49,,,,,
