fdc_id,NDB_number,footnote
321358,16158,
321360,100147,
323294,12563, Other phytosterols = 34.67 mg/100g
323505,11233,
325036,1032,
325430,9236,
327046,9148,
328637,1009,
330137,1256,
330458,4047,
331960,5746,
332282,6931,
333008,100192,
333374,15033,May contain additives to retain moisture
334194,15121,
746764,11130,Source number reflects the actual number of samples analyzed for a nutrient. Repeat nutrient analyses may have been done on the same sample with the values shown.
746769,11251,Source number reflects the actual number of samples analyzed for a nutrient. Repeat nutrient analyses may have been done on the same sample with the values shown.
746771,9202,Source number reflects the actual number of samples analyzed for a nutrient. Repeat nutrient analyses may have been done on the same sample with the values shown.
746772,1082,Source number reflects the actual number of samples analyzed for a nutrient. Repeat nutrient analyses may have been done on the same sample with the values shown.
746784,19335,Source number reflects the actual number of samples analyzed for a nutrient. Repeat nutrient analyses may have been done on the same sample with the values shown.
